"id_ordpmt_cl,""timreaordvir"",""id_clihrs"",""id_ficref_pain001"",""indcta"",""nbrtrnlot"",""mntlot"",""codpcppmt"",""libtypvir"",""libtypsrv"",""libnomdbt"",""numprsorgdbt"",""numprsphydbt"",""cod_paydbt"",""cod_clectldbt"",""cod_inc_dbt"",""codbicisodbt"",""libnomdbtpcp"",""numprsorgdbtpcp"",""numprsphydbtpcp"",""nbrtrndtl_psr2"",""mntlotdtn_psr2"",""timrcpfic_psr2_ech"",""timcre_psr2"",""libnomfic_psr2_caps_ech"",""timrcpfic_psr2_vue"",""id_ordpmt_caps"",""libnomfic_psr2_caps_vue"",""codetagrpord_psr2"",""timreaeft"",""libmsgide_psr2"",""codetagrppmt_psr1"",""indordech_psr2"",""timcre_psr3"",""nbrtrnrej_cl"",""libnomfic_cam054_rej"",""nbrtrndbtcnf"",""mnttottrnrejcnf"",""nbrtrnrejcnf"",""timrcp_cr_srv"",""libnomfic_psr3"",""libmsgide_psr3"",""mnttottrndbtcnf"",""libnomfic_cr_caps_srv"",""nbrtrndbt_cl"",""datrgmord"",""codetaord_cr"",""indcta_bb"",""mnttottrnrej_cl"",""libmsgide_cam054_acc"",""mnttottrndbt_cl"",""libmsgide_cam054_rej"",""libnomfic_cam054_acc"",""libmsgide_cr"",""timctaord"",""timcre_cr"",""timcre_cam054_acc"",""timcre_cam054_rej"",""nbrtrndtn_psr2_rjct"",""mntlotdtn_psr2_accp"",""nbrtrndtn_psr2_accp"",""mntlotdtn_psr2_rjct"",""libnomfic_zos_rej"",""nbrtrndtn_psr1_rjct"",""mntentrcrt_cr"",""libinfplu_lot_psr2"",""timcre_zos_acc"",""mntenttyp_00000004"",""mntentrdbt_cr"",""mntenttyp_00000001"",""nbrtrndtn_psr1_accp"",""mntlotdtn_psr1_accp"",""timcre_zos_rej"",""mntlotdtn_psr1_rjct"",""nbrentrdbt_cr"",""libnomfic_zos_acc"",""mntenttyp_00000002"",""nbrtrndtl_psr1"",""nbrentrcrt_cr"",""mntlotdtn_psr1"",""libinfplu_lot_psr1"",""mntenttyp_00000003"""
"REM000000100952,""2024-06-04 00:00:00"",""1004077827"",P01_0000000000000000000100651,true,1,1.00,"""","""","""",CONDAT SAS,102418,,FR,""82"",""30002002600000000015U41"",CRLYFRPPXXX,"""",,,1,1.00,,""2024-06-04 09:22:31"",,""2024-06-04 09:25:16.543455"",""7fd9f160993c443c981045242777d71a"",HIN01PS2_20240604_09251600.xml,ACCP,""2024-06-04 00:00:00"",PR27fd9f160993c443c981045242777d71a,ACTC,,""2024-06-04 09:30:11"",0,CAMT54_RJIP_20240604_09301100.xml,0,0.00,0,""2024-06-04 09:25:21.507168"",PSR3_LCL_20240604_09301100.xml,PR37fd9f160993c443c981045242777d71a,0.00,HIN01CRD_20240604_09252100.xml,1,""2024-06-04"",CROB,true,0.00,EIP7fd9f160993c443c981045242777d71a,1.00,RIP7fd9f160993c443c981045242777d71a,CAMT54_RIPE_20240604_09301100.xml,CR7fd9f160993c443c981045242777d71a,""2024-06-04 09:22:31"",""2024-06-04 09:22:45"",""2024-06-04 09:30:11"",""2024-06-04 09:30:11"",0,1.00,1,0.00,,0,0.00,ACCT FR8230002002600000000015U41|NAME CONDAT SAS|DATE 2024-06-04T09:22:31|NARR DATE INITIALE 2024-06-04|NARR REF BANQUE REMISE 7fd9f160993c443c981045242777d71a,""2024-06-04 09:28:12.587611"",0.00,1.00,1.00,1,1.00,,0.00,1,TKECRBOB_REM000000100952_20240604_09281258.txt,0.00,1,0,1.00,ACCT FR8230002002600000000015U41|NAME CONDAT SAS|NARR DATE INITIALE 2024-06-04|NARR REF BANQUE REMISE 7fd9f160993c443c981045242777d71a,0.00"
"REM000000100947,""2024-06-03 00:00:00"",Deb Nom Nom id-clihrs  PmtInfId Fin,P01_0000000000000000000100647,true,22,10723.26,NORM,INST,Debut Categoriepurposelibtypsrv Fin,DebutNm              Nom du Debtor ordre  libnomdbt              NmFin,102390,,FR,""26"",""30002002600000000020D85"",CRLYFRPPXXX,Deb    Nom    de    Ultimate    Debtor    libnomdbtpcp    ordre    Fin,102391,,22,10723.26,,""2024-06-03 15:03:35"",,""2024-06-03 15:05:19.180563"",ffe218575f144cbb9dce462e925d2dc2,HIN01PS2_20240603_15051900.xml,PART,""2024-06-03 00:00:00"",PR2ffe218575f144cbb9dce462e925d2dc2,ACTC,,""2024-06-11 12:03:49"",6,CAMT54_RJIP_20240611_12035000.xml,1,4845.85,7,""2024-06-03 15:05:21.698054"",PSR3_LCL_20240611_12034900.xml,PR3ffe218575f144cbb9dce462e925d2dc2,761.76,HIN01CRD_20240603_15052100.xml,8,""2024-06-03"",CRON,true,1909.86,EIPffe218575f144cbb9dce462e925d2dc2,3205.79,RIPffe218575f144cbb9dce462e925d2dc2,CAMT54_RIPE_20240611_12035000.xml,CRffe218575f144cbb9dce462e925d2dc2,""2024-06-03 15:03:35"",""2024-06-03 15:03:55"",""2024-06-11 12:03:50"",""2024-06-11 12:03:50"",3,9564.00,19,1159.26,,0,6755.71,ACCT FR2630002002600000000020D85|NAME DebutNm              Nom du Debtor ordre  libnomdbt              NmFin|DATE 2024-06-03T15:03:35|NARR DATE INITIALE 2024-06-03|NARR REF BANQUE REMISE ffe218575f144cbb9dce462e925d2dc2,""2024-06-03 15:10:13.449731"",5596.45,3967.55,3967.55,22,10723.26,,0.00,9,TKECRBON_REM000000100947_20240603_15101344.txt,0.00,22,13,10723.26,ACCT FR2630002002600000000020D85|NAME DebutNm              Nom du Debtor ordre  libnomdbt              NmFin|NARR DATE INITIALE 2024-06-03|NARR REF BANQUE REMISE ffe218575f144cbb9dce462e925d2dc2,1159.26"
"REM000000101001,""2024-06-19 00:00:00"",""2401081251"",P01_0000000000000000000100701,,11,100057.00,"""",INST,"""",CONDAT SAS,102484,,FR,""15"",""30002002600000000013S10"",CRLYFRPPXXX,"""",,,11,100057.00,,""2024-06-19 17:03:31"",,""2024-06-19 17:04:20.973556"",""7fa1d5036e0b440f80a3d0e241b0aa59"",HIN01PS2_20240619_17042000.xml,PART,""2024-06-19 00:00:00"",PR27fa1d5036e0b440f80a3d0e241b0aa59,ACTC,,""2024-06-24 11:17:22"",2,CAMT54_RJIP_20240624_11172300.xml,0,1.00,1,""2024-06-19 17:04:26.184585"",PSR3_LCL_20240624_11172200.xml,PR37fa1d5036e0b440f80a3d0e241b0aa59,0.00,HIN01CRD_20240619_17042500.xml,8,""2024-06-19"",CROB,true,100008.00,EIP7fa1d5036e0b440f80a3d0e241b0aa59,48.00,RIP7fa1d5036e0b440f80a3d0e241b0aa59,CAMT54_RIPE_20240624_11172200.xml,CR7fa1d5036e0b440f80a3d0e241b0aa59,""2024-06-19 17:03:31"",""2024-06-19 17:03:40"",""2024-06-24 11:17:22"",""2024-06-24 11:17:23"",2,49.00,9,100008.00,,0,100009.00,ACCT FR1530002002600000000013S10|NAME CONDAT SAS|DATE 2024-06-19T17:03:31|NARR DATE INITIALE 2024-06-19|NARR REF BANQUE REMISE 7fa1d5036e0b440f80a3d0e241b0aa59,""2024-06-19 17:08:12.311213"",1.00,48.00,48.00,11,100057.00,,0.00,8,TKECRBOB_REM000000101001_20240619_17081231.txt,0.00,11,3,100057.00,ACCT FR1530002002600000000013S10|NAME CONDAT SAS|NARR DATE INITIALE 2024-06-19|NARR REF BANQUE REMISE 7fa1d5036e0b440f80a3d0e241b0aa59,100008.00"
"REM000000101002,""2024-06-19 00:00:00"",""2401081252"",P01_0000000000000000000100701,,13,1421.00,"""",INST,"""",CONDAT SAS,102483,,FR,""79"",""30002002600000000010B03"",CRLYFRPPXXX,"""",,,13,1421.00,,""2024-06-19 17:03:31"",,""2024-06-19 17:04:21.798725"",""1053d1608ef745929285dd5f49026390"",HIN01PS2_20240619_17042100.xml,RJCT,""2024-06-19 00:00:00"",PR21053d1608ef745929285dd5f49026390,ACTC,,,,,,,,,,,,,,,,,,,,,,,,,,,13,0.00,0,1421.00,,0,,ACCT FR7930002002600000000010B03|NAME CONDAT SAS|DATE 2024-06-19T17:03:31|NARR DATE INITIALE 2024-06-19|NARR REF BANQUE REMISE 1053d1608ef745929285dd5f49026390,,,,,13,1421.00,,0.00,,,,13,,1421.00,ACCT FR7930002002600000000010B03|NAME CONDAT SAS|NARR DATE INITIALE 2024-06-19|NARR REF BANQUE REMISE 1053d1608ef745929285dd5f49026390,"
"REM000000100945,""2024-06-03 00:00:00"",""1004077827"",P01_0000000000000000000100645,true,1,1.00,"""","""","""",CONDAT SAS,102388,,FR,""82"",""30002002600000000015U41"",CRLYFRPPXXX,"""",,,1,1.00,,""2024-06-03 11:38:29"",,""2024-06-03 11:40:16.752064"",""00810ffc2e9d4a7a86a97f20af5d33c0"",HIN01PS2_20240603_11401200.xml,ACCP,""2024-06-03 00:00:00"",PR200810ffc2e9d4a7a86a97f20af5d33c0,ACTC,,""2024-06-03 11:44:10"",0,CAMT54_RJIP_20240603_11441100.xml,0,0.00,0,""2024-06-03 11:40:26.930523"",PSR3_LCL_20240603_11441000.xml,PR300810ffc2e9d4a7a86a97f20af5d33c0,0.00,HIN01CRD_20240603_11402600.xml,1,""2024-06-03"",CROB,true,0.00,EIP00810ffc2e9d4a7a86a97f20af5d33c0,1.00,RIP00810ffc2e9d4a7a86a97f20af5d33c0,CAMT54_RIPE_20240603_11441000.xml,CR00810ffc2e9d4a7a86a97f20af5d33c0,""2024-06-03 11:38:29"",""2024-06-03 11:38:45"",""2024-06-03 11:44:10"",""2024-06-03 11:44:11"",0,1.00,1,0.00,,0,0.00,ACCT FR8230002002600000000015U41|NAME CONDAT SAS|DATE 2024-06-03T11:38:29|NARR DATE INITIALE 2024-06-03|NARR REF BANQUE REMISE 00810ffc2e9d4a7a86a97f20af5d33c0,""2024-06-03 11:42:21.301556"",0.00,1.00,1.00,1,1.00,,0.00,1,TKECRBOB_REM000000100945_20240603_11422130.txt,0.00,1,0,1.00,ACCT FR8230002002600000000015U41|NAME CONDAT SAS|NARR DATE INITIALE 2024-06-03|NARR REF BANQUE REMISE 00810ffc2e9d4a7a86a97f20af5d33c0,0.00"
"REM000000100998,""2024-06-18 00:00:00"",OR/0000062311Y/2021-09-22,P01_0000000000000000000100699,,1,150000.00,"""","""","""",MACS GESTION / ONJ PREMOBANCE,,,FR,""34"",""30002002600000001012N04"",CRLYFRPPXXX,"""",,,1,150000.00,,""2024-06-18 17:17:30"",,""2024-06-18 17:19:15.768507"",abc890c85b8e48168de0b78c7b6cf58d,HIN01PS2_20240618_17191500.xml,RJCT,""2024-06-18 00:00:00"",PR2abc890c85b8e48168de0b78c7b6cf58d,ACTC,,,,,,,,,,,,,,,,,,,,,,,,,,,1,0.00,0,150000.00,,0,,ACCT FR3430002002600000001012N04|NAME MACS GESTION / ONJ PREMOBANCE|DATE 2024-06-18T17:17:30|NARR DATE INITIALE 2024-06-18|NARR REF BANQUE REMISE abc890c85b8e48168de0b78c7b6cf58d,,,,,1,150000.00,,0.00,,,,1,,150000.00,ACCT FR3430002002600000001012N04|NAME MACS GESTION / ONJ PREMOBANCE|NARR DATE INITIALE 2024-06-18|NARR REF BANQUE REMISE abc890c85b8e48168de0b78c7b6cf58d,"
"REM000000101011,""2024-06-26 00:00:00"",""2401081251"",P01_0000000000000000000100708,,2,2.00,"""",INST,"""",CONDAT SAS,102520,,FR,""15"",""30002002600000000013S10"",CRLYFRPPXXX,"""",,,,,,,,,,,,,,,,,,,,,,,,,,,,,,,,,,,,,,,,,,,,,,,,,,,,,,,,,,,,,,,,"
"REM000000100953,""2024-06-04 00:00:00"",""1004077827"",P01_0000000000000000000100652,true,2,3.00,"""","""","""",CONDAT SAS,102419,,FR,""82"",""30002002600000000015U41"",CRLYFRPPXXX,"""",,,,,,,,,,,,,,,,,,,,,,,,,,,,,,,,,,,,,,,,,,,,,,,,,,,,,,,,,,,,,,,,"
"REM000000100954,""2024-06-04 00:00:00"",""1004077827"",P01_0000000000000000000100653,true,1,3.00,"""","""","""",CONDAT SAS,102420,,FR,""82"",""30002002600000000015U41"",CRLYFRPPXXX,"""",,,,,,,,,,,,,,,,,,,,,,,,,,,,,,,,,,,,,,,,,,,,,,,,,,,,,,,,,,,,,,,,"
"REM000000100949,""2024-06-03 00:00:00"",""1004077827"",P01_0000000000000000000100649,true,1,2.00,"""","""","""",CONDAT SAS,102415,,FR,""82"",""30002002600000000015U41"",CRLYFRPPXXX,"""",,,1,2.00,,""2024-06-03 17:34:01"",,""2024-06-03 17:34:41.567466"",""948e059f713e41a7a2e42074637f1a60"",HIN01PS2_20240603_17344100.xml,ACCP,""2024-06-03 00:00:00"",PR2948e059f713e41a7a2e42074637f1a60,ACTC,,""2024-06-03 17:40:09"",0,CAMT54_RJIP_20240603_17401000.xml,0,0.00,0,""2024-06-03 17:34:42.962643"",PSR3_LCL_20240603_17400900.xml,PR3948e059f713e41a7a2e42074637f1a60,0.00,HIN01CRD_20240603_17344200.xml,1,""2024-06-03"",CROB,true,0.00,EIP948e059f713e41a7a2e42074637f1a60,2.00,RIP948e059f713e41a7a2e42074637f1a60,CAMT54_RIPE_20240603_17400900.xml,CR948e059f713e41a7a2e42074637f1a60,""2024-06-03 17:34:01"",""2024-06-03 17:34:15"",""2024-06-03 17:40:09"",""2024-06-03 17:40:10"",0,2.00,1,0.00,,0,0.00,ACCT FR8230002002600000000015U41|NAME CONDAT SAS|DATE 2024-06-03T17:34:01|NARR DATE INITIALE 2024-06-03|NARR REF BANQUE REMISE 948e059f713e41a7a2e42074637f1a60,""2024-06-03 17:38:12.385659"",0.00,2.00,2.00,1,2.00,,0.00,1,TKECRBOB_REM000000100949_20240603_17381238.txt,0.00,1,0,2.00,ACCT FR8230002002600000000015U41|NAME CONDAT SAS|NARR DATE INITIALE 2024-06-03|NARR REF BANQUE REMISE 948e059f713e41a7a2e42074637f1a60,0.00"
"REM000000100955,""2024-06-04 00:00:00"",""1004077827"",P01_0000000000000000000100654,true,1,4.00,"""","""","""",CONDAT SAS,102421,,FR,""82"",""30002002600000000015U41"",CRLYFRPPXXX,"""",,,,,,,,,,,,,,,,,,,,,,,,,,,,,,,,,,,,,,,,,,,,,,,,,,,,,,,,,,,,,,,,"
"REM000000100956,""2024-06-04 00:00:00"",""1004077827"",P01_0000000000000000000100655,true,1,5.00,"""","""","""",CONDAT SAS,102422,,FR,""82"",""30002002600000000015U41"",CRLYFRPPXXX,"""",,,,,,,,,,,,,,,,,,,,,,,,,,,,,,,,,,,,,,,,,,,,,,,,,,,,,,,,,,,,,,,,"
"REM000000101000,""2024-06-19 00:00:00"",""2401081251"",P01_0000000000000000000100700,,11,100057.00,"""",INST,"""",CONDAT SAS,102481,,FR,""15"",""30002002600000000013S10"",CRLYFRPPXXX,"""",,,11,100057.00,,""2024-06-19 16:03:41"",,""2024-06-19 16:04:21.165583"",""1625b2b3cd494d3ea1a18686213d6a39"",HIN01PS2_20240619_16042000.xml,PART,""2024-06-19 00:00:00"",PR21625b2b3cd494d3ea1a18686213d6a39,ACTC,,""2024-06-19 16:10:11"",2,CAMT54_RJIP_20240619_16101200.xml,0,1.00,1,""2024-06-19 16:04:31.024082"",PSR3_LCL_20240619_16101100.xml,PR31625b2b3cd494d3ea1a18686213d6a39,0.00,HIN01CRD_20240619_16043000.xml,8,""2024-06-19"",CROB,true,100008.00,EIP1625b2b3cd494d3ea1a18686213d6a39,48.00,RIP1625b2b3cd494d3ea1a18686213d6a39,CAMT54_RIPE_20240619_16101200.xml,CR1625b2b3cd494d3ea1a18686213d6a39,""2024-06-19 16:03:41"",""2024-06-19 16:04:00"",""2024-06-19 16:10:12"",""2024-06-19 16:10:12"",2,49.00,9,100008.00,,0,100009.00,ACCT FR1530002002600000000013S10|NAME CONDAT SAS|DATE 2024-06-19T16:03:41|NARR DATE INITIALE 2024-06-19|NARR REF BANQUE REMISE 1625b2b3cd494d3ea1a18686213d6a39,""2024-06-19 16:08:14.966051"",1.00,48.00,48.00,11,100057.00,,0.00,8,TKECRBOB_REM000000101000_20240619_16081496.txt,0.00,11,3,100057.00,ACCT FR1530002002600000000013S10|NAME CONDAT SAS|NARR DATE INITIALE 2024-06-19|NARR REF BANQUE REMISE 1625b2b3cd494d3ea1a18686213d6a39,100008.00"
"REM000000101072,""2024-06-28 00:00:00"",""2401081251"",P01_0000000000000000000100762,,11,100057.00,HIGH,INST,"""",CONDAT SAS,102582,,FR,""15"",""30002002600000000013S10"",CRLYFRPPXXX,"""",,,11,100057.00,,""2024-07-01 17:22:45"",,""2024-07-01 17:24:31.007644"",c5072c2f66c543f4be78133dc0de3529,HIN01PS2_20240701_17243000.xml,PART,""2024-07-01 00:00:00"",PR2c5072c2f66c543f4be78133dc0de3529,ACTC,,""2024-07-01 17:30:10"",2,CAMT54_RJIP_20240701_17301100.xml,0,1.00,1,""2024-07-01 17:24:36.214624"",PSR3_LCL_20240701_17301000.xml,PR3c5072c2f66c543f4be78133dc0de3529,0.00,HIN01CRD_20240701_17243600.xml,8,""2024-07-01"",CROB,true,100008.00,EIPc5072c2f66c543f4be78133dc0de3529,48.00,RIPc5072c2f66c543f4be78133dc0de3529,CAMT54_RIPE_20240701_17301100.xml,CRc5072c2f66c543f4be78133dc0de3529,""2024-07-01 17:22:45"",""2024-07-01 17:22:55"",""2024-07-01 17:30:11"",""2024-07-01 17:30:11"",2,49.00,9,100008.00,,0,100009.00,ACCT FR1530002002600000000013S10|NAME CONDAT SAS|DATE 2024-07-01T17:22:45|NARR DATE INITIALE 2024-06-28|NARR REF BANQUE REMISE c5072c2f66c543f4be78133dc0de3529,""2024-07-01 17:28:12.318429"",1.00,48.00,48.00,11,100057.00,,0.00,8,TKECRBOB_REM000000101072_20240701_17281231.txt,0.00,11,3,100057.00,ACCT FR1530002002600000000013S10|NAME CONDAT SAS|NARR DATE INITIALE 2024-06-28|NARR REF BANQUE REMISE c5072c2f66c543f4be78133dc0de3529,100008.00"
"REM000000100989,""2024-06-05 00:00:00"",""1004077827"",P01_0000000000000000000100689,true,1,1.00,"""","""","""",CONDAT SAS,102455,,FR,""82"",""30002002600000000015U41"",CRLYFRPPXXX,"""",,,,,,,,,,,,,,,,,,,,,,,,,,,,,,,,,,,,,,,,,,,,,,,,,,,,,,,,,,,,,,,,"
"REM000000100990,""2024-06-06 00:00:00"",""1004077827"",P01_0000000000000000000100690,true,1,1.00,"""","""","""",CONDAT SAS,102456,,FR,""82"",""30002002600000000015U41"",CRLYFRPPXXX,"""",,,,,,,,,,,,,,,,,,,,,,,,,,,,,,,,,,,,,,,,,,,,,,,,,,,,,,,,,,,,,,,,"
"REM000000100991,""2024-06-06 00:00:00"",Deb Nom Nom id-clihrs  PmtInfId Fin,P01_0000000000000000000100691,false,15,105892.38,NORM,INST,Debut Categoriepurposelibtypsrv Fin,CAS028B,102457,,FR,""29"",""30002002600000000025W26"",CRLYFRPPXXX,Nom de Ultimate Debtorlibnomdbtpcp ordre,102458,,,,,,,,,,,,,,,,,,,,,,,,,,,,,,,,,,,,,,,,,,,,,,,,,,,,,,,,,,,,,,,"
"REM000000100992,""2024-06-07 00:00:00"",""1004077827"",P01_0000000000000000000100692,true,1,1.00,"""","""","""",CONDAT SAS,102476,,FR,""82"",""30002002600000000015U41"",CRLYFRPPXXX,"""",,,,,,,,,,,,,,,,,,,,,,,,,,,,,,,,,,,,,,,,,,,,,,,,,,,,,,,,,,,,,,,,"
"REM000000100994,""2024-06-07 00:00:00"",""1004077827"",P01_0000000000000000000100695,true,1,1.00,"""","""","""",CONDAT SAS,102478,,FR,""82"",""30002002600000000015U41"",CRLYFRPPXXX,"""",,,,,,,,,,,,,,,,,,,,,,,,,,,,,,,,,,,,,,,,,,,,,,,,,,,,,,,,,,,,,,,,"
"REM000000100995,""2024-06-07 00:00:00"",""1004077827"",P01_0000000000000000000100696,true,1,2.00,"""","""","""",CONDAT SAS,102479,,FR,""82"",""30002002600000000015U41"",CRLYFRPPXXX,"""",,,,,,,,,,,,,,,,,,,,,,,,,,,,,,,,,,,,,,,,,,,,,,,,,,,,,,,,,,,,,,,,"
"REM000000100996,""2024-06-07 00:00:00"",""1004077827"",P01_0000000000000000000100697,true,1,3.00,"""","""","""",CONDAT SAS,102480,,FR,""82"",""30002002600000000015U41"",CRLYFRPPXXX,"""",,,,,,,,,,,,,,,,,,,,,,,,,,,,,,,,,,,,,,,,,,,,,,,,,,,,,,,,,,,,,,,,"
"REM000000101003,""2024-06-20 00:00:00"",""1004077827"",P01_0000000000000000000100702,false,6,2974.74,"""","""","""",""7 - AGTUBES"",102485,,FR,""82"",""30002002600000000015U41"",CRLYFRPPXXX,"""",,,6,2974.74,,""2024-06-20 17:37:47"",,""2024-06-20 17:38:16.143874"",""363635ec8d5b4c6abfe85817b0d100c5"",HIN01PS2_20240620_17381500.xml,ACCP,""2024-06-20 00:00:00"",PR2363635ec8d5b4c6abfe85817b0d100c5,ACTC,,""2024-06-20 17:44:10"",2,CAMT54_RJIP_20240620_17441100.xml,0,2558.21,4,""2024-06-20 17:40:11.983722"",PSR3_LCL_20240620_17441000.xml,PR3363635ec8d5b4c6abfe85817b0d100c5,0.00,HIN01CRD_20240620_17401000.xml,0,,CROB,false,416.53,EIP363635ec8d5b4c6abfe85817b0d100c5,0.00,RIP363635ec8d5b4c6abfe85817b0d100c5,CAMT54_RIPE_20240620_17441100.xml,CR363635ec8d5b4c6abfe85817b0d100c5,""2024-06-20 17:37:47"",""2024-06-20 17:38:20"",""2024-06-20 17:44:11"",""2024-06-20 17:44:11"",0,2974.74,6,0.00,,0,2974.74,ACCT FR8230002002600000000015U41|NAME 7 - AGTUBES|DATE 2024-06-20T17:37:47|NARR DATE INITIALE 2024-06-20|NARR REF BANQUE REMISE 363635ec8d5b4c6abfe85817b0d100c5,""2024-06-20 17:42:14.538771"",2974.74,0.00,0.00,6,2974.74,,0.00,0,TKECRBOB_REM000000101003_20240620_17421453.txt,0.00,6,6,2974.74,ACCT FR8230002002600000000015U41|NAME 7 - AGTUBES|NARR DATE INITIALE 2024-06-20|NARR REF BANQUE REMISE 363635ec8d5b4c6abfe85817b0d100c5,0.00"
"REM000000101012,""2024-06-24 00:00:00"",""2401081251"",P01_0000000000000000000100709,,11,11.00,"""",INST,"""",CONDAT SAS,102522,,FR,""15"",""30002002600000000013S10"",CRLYFRPPXXX,"""",,,,,,,,,,,,,,,,,,,,,,,,,,,,,,,,,,,,,,,,,,,,,,,,,,,,,,,,,,,,,,,,"
"REM000000101013,""2024-06-24 00:00:00"",""2401081252"",P01_0000000000000000000100709,,13,13.00,"""",INST,"""",CONDAT SAS,102521,,FR,""79"",""30002002600000000010B03"",CRLYFRPPXXX,"""",,,,,,,,,,,,,,,,,,,,,,,,,,,,,,,,,,,,,,,,,,,,,,,,,,,,,,,,,,,,,,,,"
"REM000000101020,""2024-06-27 00:00:00"",""2401081251"",P01_0000000000000000000100715,,11,11.00,"""",INST,"""",CONDAT SAS,102530,,FR,""15"",""30002002600000000013S10"",CRLYFRPPXXX,"""",,,,,,,,,,,,,,,,,,,,,,,,,,,,,,,,,,,,,,,,,,,,,,,,,,,,,,,,,,,,,,,,"
"REM000000101021,""2024-06-24 00:00:00"",""2401081252"",P01_0000000000000000000100715,,13,13.00,"""",INST,"""",CONDAT SAS,102529,,FR,""79"",""30002002600000000010B03"",CRLYFRPPXXX,"""",,,,,,,,,,,,,,,,,,,,,,,,,,,,,,,,,,,,,,,,,,,,,,,,,,,,,,,,,,,,,,,,"
"REM000000101006,""2024-06-24 00:00:00"",""2401081252"",P01_0000000000000000000100704,,13,1421.00,"""",INST,"""",CONDAT SAS,102487,,FR,""79"",""30002002600000000010B03"",CRLYFRPPXXX,"""",,,13,1421.00,,""2024-06-24 16:38:02"",,""2024-06-24 16:38:31.477578"",""761d7b6cc6054760b8af2e1d38b2db43"",HIN01PS2_20240624_16383100.xml,RJCT,""2024-06-24 00:00:00"",PR2761d7b6cc6054760b8af2e1d38b2db43,ACTC,,,,,,,,,,,,,,,,,,,,,,,,,,,13,0.00,0,1421.00,,0,,ACCT FR7930002002600000000010B03|NAME CONDAT SAS|DATE 2024-06-24T16:38:02|NARR DATE INITIALE 2024-06-24|NARR REF BANQUE REMISE 761d7b6cc6054760b8af2e1d38b2db43,,,,,13,1421.00,,0.00,,,,13,,1421.00,ACCT FR7930002002600000000010B03|NAME CONDAT SAS|NARR DATE INITIALE 2024-06-24|NARR REF BANQUE REMISE 761d7b6cc6054760b8af2e1d38b2db43,"
"REM000000101004,""2024-06-24 00:00:00"",CAS019,P01_0000000000000000000100703,false,10,4499.34,"""","""","""",""9 - ALIBEBE"",102486,,FR,""82"",""30002002600000000015U41"",CRLYFRPPXXX,"""",,,10,4499.34,,""2024-06-24 16:38:04"",,""2024-06-24 16:38:21.071861"",af2eeb50936b4b23a4c68b75a9fe1398,HIN01PS2_20240624_16382000.xml,PART,""2024-06-24 00:00:00"",PR2af2eeb50936b4b23a4c68b75a9fe1398,ACTC,,""2024-06-24 16:46:10"",3,CAMT54_RJIP_20240624_16461100.xml,3,1024.44,2,""2024-06-24 16:40:11.377895"",PSR3_LCL_20240624_16461000.xml,PR3af2eeb50936b4b23a4c68b75a9fe1398,2288.24,HIN01CRD_20240624_16401000.xml,2,""2024-06-24"",CRNB,false,880.14,EIPaf2eeb50936b4b23a4c68b75a9fe1398,306.52,RIPaf2eeb50936b4b23a4c68b75a9fe1398,CAMT54_RIPE_20240624_16461000.xml,CRaf2eeb50936b4b23a4c68b75a9fe1398,""2024-06-24 16:38:04"",""2024-06-24 16:38:35"",""2024-06-24 16:46:10"",""2024-06-24 16:46:11"",2,3721.26,8,778.08,,0,1904.58,ACCT FR8230002002600000000015U41|NAME 9 - ALIBEBE|DATE 2024-06-24T16:38:04|NARR DATE INITIALE 2024-06-24|NARR REF BANQUE REMISE af2eeb50936b4b23a4c68b75a9fe1398,""2024-06-24 16:44:17.938318"",1126.50,2594.76,2594.76,10,4499.34,,0.00,5,TKECRBNB_REM000000101004_20240624_16441793.txt,0.00,10,5,4499.34,ACCT FR8230002002600000000015U41|NAME 9 - ALIBEBE|NARR DATE INITIALE 2024-06-24|NARR REF BANQUE REMISE af2eeb50936b4b23a4c68b75a9fe1398,778.08"
"REM000000101005,""2024-06-24 00:00:00"",""2401081251"",P01_0000000000000000000100704,,11,100057.00,"""",INST,"""",CONDAT SAS,102488,,FR,""15"",""30002002600000000013S10"",CRLYFRPPXXX,"""",,,11,100057.00,,""2024-06-24 16:38:04"",,""2024-06-24 16:38:26.848126"",""4f57bb5d813c4013b1778ed3f7e4c632"",HIN01PS2_20240624_16382600.xml,PART,""2024-06-24 00:00:00"",PR24f57bb5d813c4013b1778ed3f7e4c632,ACTC,,""2024-06-24 16:44:13"",2,CAMT54_RJIP_20240624_16441400.xml,0,1.00,1,""2024-06-24 16:38:41.097991"",PSR3_LCL_20240624_16441300.xml,PR34f57bb5d813c4013b1778ed3f7e4c632,0.00,HIN01CRD_20240624_16384100.xml,8,""2024-06-24"",CROB,true,100008.00,EIP4f57bb5d813c4013b1778ed3f7e4c632,48.00,RIP4f57bb5d813c4013b1778ed3f7e4c632,CAMT54_RIPE_20240624_16441400.xml,CR4f57bb5d813c4013b1778ed3f7e4c632,""2024-06-24 16:38:04"",""2024-06-24 16:38:15"",""2024-06-24 16:44:14"",""2024-06-24 16:44:14"",2,49.00,9,100008.00,,0,100009.00,ACCT FR1530002002600000000013S10|NAME CONDAT SAS|DATE 2024-06-24T16:38:04|NARR DATE INITIALE 2024-06-24|NARR REF BANQUE REMISE 4f57bb5d813c4013b1778ed3f7e4c632,""2024-06-24 16:42:14.094237"",1.00,48.00,48.00,11,100057.00,,0.00,8,TKECRBOB_REM000000101005_20240624_16421409.txt,0.00,11,3,100057.00,ACCT FR1530002002600000000013S10|NAME CONDAT SAS|NARR DATE INITIALE 2024-06-24|NARR REF BANQUE REMISE 4f57bb5d813c4013b1778ed3f7e4c632,100008.00"
"REM000000101027,""2024-06-28 00:00:00"",""2401081252"",P01_0000000000000000000100719,,13,1421.00,NORM,INST,"""",CONDAT SAS,102535,,FR,""79"",""30002002600000000010B03"",CRLYFRPPXXX,"""",,,13,1421.00,,""2024-06-28 09:46:18"",,""2024-06-28 09:48:11.780413"",""6307606ac5e94594a008990730f55a07"",HIN01PS2_20240628_09481000.xml,RJCT,""2024-06-28 00:00:00"",PR26307606ac5e94594a008990730f55a07,ACTC,,,,,,,,,,,,,,,,,,,,,,,,,,,13,0.00,0,1421.00,,0,,ACCT FR7930002002600000000010B03|NAME CONDAT SAS|DATE 2024-06-28T09:46:18|NARR DATE INITIALE 2024-06-28|NARR REF BANQUE REMISE 6307606ac5e94594a008990730f55a07,,,,,13,1421.00,,0.00,,,,13,,1421.00,ACCT FR7930002002600000000010B03|NAME CONDAT SAS|NARR DATE INITIALE 2024-06-28|NARR REF BANQUE REMISE 6307606ac5e94594a008990730f55a07,"
"REM000000101007,""2024-06-24 00:00:00"",""2401081252"",P01_0000000000000000000100705,,13,1421.00,"""",INST,"""",CONDAT SAS,102490,,FR,""79"",""30002002600000000010B03"",CRLYFRPPXXX,"""",,,13,1421.00,,""2024-06-24 17:22:21"",,""2024-06-24 17:31:52.510422"",""61bbf6a838e84da48ba685fa2f5f1601"",HIN01PS2_20240624_17315100.xml,RJCT,""2024-06-24 00:00:00"",PR261bbf6a838e84da48ba685fa2f5f1601,ACTC,,,,,,,,,,,,,,,,,,,,,,,,,,,13,0.00,0,1421.00,,0,,ACCT FR7930002002600000000010B03|NAME CONDAT SAS|DATE 2024-06-24T17:22:21|NARR DATE INITIALE 2024-06-24|NARR REF BANQUE REMISE 61bbf6a838e84da48ba685fa2f5f1601,,,,,13,1421.00,,0.00,,,,13,,1421.00,ACCT FR7930002002600000000010B03|NAME CONDAT SAS|NARR DATE INITIALE 2024-06-24|NARR REF BANQUE REMISE 61bbf6a838e84da48ba685fa2f5f1601,"
"REM000000101073,""2024-06-28 00:00:00"",""2401081252"",P01_0000000000000000000100762,,13,1421.00,NORM,INST,"""",CONDAT SAS,102581,,FR,""79"",""30002002600000000010B03"",CRLYFRPPXXX,"""",,,13,1421.00,,""2024-07-01 17:22:44"",,""2024-07-01 17:24:35.809943"",""3c056134f279464ebafa65f37912ec5b"",HIN01PS2_20240701_17243500.xml,RJCT,""2024-07-01 00:00:00"",PR23c056134f279464ebafa65f37912ec5b,ACTC,,,,,,,,,,,,,,,,,,,,,,,,,,,13,0.00,0,1421.00,,0,,ACCT FR7930002002600000000010B03|NAME CONDAT SAS|DATE 2024-07-01T17:22:44|NARR DATE INITIALE 2024-06-28|NARR REF BANQUE REMISE 3c056134f279464ebafa65f37912ec5b,,,,,13,1421.00,,0.00,,,,13,,1421.00,ACCT FR7930002002600000000010B03|NAME CONDAT SAS|NARR DATE INITIALE 2024-06-28|NARR REF BANQUE REMISE 3c056134f279464ebafa65f37912ec5b,"
"REM000000101009,""2024-06-25 00:00:00"",Deb Nom Nom id-clihrs  PmtInfId Fin,P01_0000000000000000000100706,true,24,110725.36,NORM,INST,Debut Categoriepurposelibtypsrv Fin,CAS029,102491,,FR,""26"",""30002002600000000020D85"",CRLYFRPPXXX,Nom    de    Ultimate    Debtor    libnomdbtpcp    ordre,102492,,,,,,,,ea855cc030fa41209c0f4bfe41d4b8de,,,,,ACTC,,,,,,,,,,,,,,,,,,,,,,,,,,,,,,,,0,,,,,,,24,110725.36,,0.00,,,,24,,110725.36,ACCT FR2630002002600000000020D85|NAME CAS029|NARR DATE INITIALE 2024-06-25|NARR REF BANQUE REMISE ea855cc030fa41209c0f4bfe41d4b8de,"
"REM000000101022,""2024-06-24 00:00:00"",""2401081252"",P01_0000000000000000000100716,,13,13.00,"""",INST,"""",CONDAT SAS,102532,,FR,""79"",""30002002600000000010B03"",CRLYFRPPXXX,"""",,,13,13.00,,""2024-06-28 16:33:48"",,""2024-06-28 16:34:25.72373"",""660e28367f2a4ff19ab1d9be2a01f1cc"",HIN01PS2_20240628_16342500.xml,RJCT,""2024-06-28 00:00:00"",PR2660e28367f2a4ff19ab1d9be2a01f1cc,ACTC,,,,,,,,,,,,,,,,,,,,,,,,,,,13,0.00,0,13.00,,0,,ACCT FR7930002002600000000010B03|NAME CONDAT SAS|DATE 2024-06-28T16:33:48|NARR DATE INITIALE 2024-06-24|NARR REF BANQUE REMISE 660e28367f2a4ff19ab1d9be2a01f1cc,,,,,13,13.00,,0.00,,,,13,,13.00,ACCT FR7930002002600000000010B03|NAME CONDAT SAS|NARR DATE INITIALE 2024-06-24|NARR REF BANQUE REMISE 660e28367f2a4ff19ab1d9be2a01f1cc,"
"REM000000101015,""2024-06-24 00:00:00"",""2401081252"",P01_0000000000000000000100711,,13,13.00,"""",INST,"""",CONDAT SAS,102523,,FR,""79"",""30002002600000000010B03"",CRLYFRPPXXX,"""",,,13,13.00,,""2024-06-28 16:33:45"",,""2024-06-28 16:34:16.494041"",""236a9630ca664a6db1fa488e3080143d"",HIN01PS2_20240628_16341500.xml,RJCT,""2024-06-28 00:00:00"",PR2236a9630ca664a6db1fa488e3080143d,ACTC,,,,,,,,,,,,,,,,,,,,,,,,,,,13,0.00,0,13.00,,0,,ACCT FR7930002002600000000010B03|NAME CONDAT SAS|DATE 2024-06-28T16:33:46|NARR DATE INITIALE 2024-06-24|NARR REF BANQUE REMISE 236a9630ca664a6db1fa488e3080143d,,,,,13,13.00,,0.00,,,,13,,13.00,ACCT FR7930002002600000000010B03|NAME CONDAT SAS|NARR DATE INITIALE 2024-06-24|NARR REF BANQUE REMISE 236a9630ca664a6db1fa488e3080143d,"
"REM000000101019,""2024-06-24 00:00:00"",""2401081252"",P01_0000000000000000000100714,,13,13.00,"""",INST,"""",CONDAT SAS,102527,,FR,""79"",""30002002600000000010B03"",CRLYFRPPXXX,"""",,,13,13.00,,""2024-06-28 16:33:51"",,""2024-06-28 16:34:16.910032"",""78333a518f744b14b9c28d0536b8b282"",HIN01PS2_20240628_16341600.xml,RJCT,""2024-06-28 00:00:00"",PR278333a518f744b14b9c28d0536b8b282,ACTC,,,,,,,,,,,,,,,,,,,,,,,,,,,13,0.00,0,13.00,,0,,ACCT FR7930002002600000000010B03|NAME CONDAT SAS|DATE 2024-06-28T16:33:51|NARR DATE INITIALE 2024-06-24|NARR REF BANQUE REMISE 78333a518f744b14b9c28d0536b8b282,,,,,13,13.00,,0.00,,,,13,,13.00,ACCT FR7930002002600000000010B03|NAME CONDAT SAS|NARR DATE INITIALE 2024-06-24|NARR REF BANQUE REMISE 78333a518f744b14b9c28d0536b8b282,"
"REM000000101010,""2024-06-26 00:00:00"",CAS024b,P01_0000000000000000000100707,true,4,101161.26,"""","""","""",""8 - KINDER"",102519,,FR,""63"",""30002002600000001023R50"",CRLYFRPPXXX,"""",,,,,,,,,d938b4ec320243659ef66c2a71bb539a,,,,,ACTC,,,,,,,,,,,,,,,,,,,,,,,,,,,,,,,,0,,,,,,,4,101161.26,,0.00,,,,4,,101161.26,ACCT FR6330002002600000001023R50|NAME 8 - KINDER|NARR DATE INITIALE 2024-06-26|NARR REF BANQUE REMISE d938b4ec320243659ef66c2a71bb539a,"
"REM000000101016,""2024-06-27 00:00:00"",""2401081251"",P01_0000000000000000000100712,,11,100057.00,HIGH,INST,"""",CONDAT SAS,102526,,FR,""15"",""30002002600000000013S10"",CRLYFRPPXXX,"""",,,11,100057.00,,""2024-06-27 12:03:31"",,""2024-06-27 12:04:20.799705"",""85f60e2a033c4a9abc3987eb9f3286b8"",HIN01PS2_20240627_12042000.xml,PART,""2024-06-27 00:00:00"",PR285f60e2a033c4a9abc3987eb9f3286b8,ACTC,,""2024-06-27 12:10:11"",2,CAMT54_RJIP_20240627_12101100.xml,0,1.00,1,""2024-06-27 12:04:25.884197"",PSR3_LCL_20240627_12101100.xml,PR385f60e2a033c4a9abc3987eb9f3286b8,0.00,HIN01CRD_20240627_12042500.xml,8,""2024-06-27"",CROB,true,100008.00,EIP85f60e2a033c4a9abc3987eb9f3286b8,48.00,RIP85f60e2a033c4a9abc3987eb9f3286b8,CAMT54_RIPE_20240627_12101100.xml,CR85f60e2a033c4a9abc3987eb9f3286b8,""2024-06-27 12:03:31"",""2024-06-27 12:03:35"",""2024-06-27 12:10:11"",""2024-06-27 12:10:11"",2,49.00,9,100008.00,,0,100009.00,ACCT FR1530002002600000000013S10|NAME CONDAT SAS|DATE 2024-06-27T12:03:31|NARR DATE INITIALE 2024-06-27|NARR REF BANQUE REMISE 85f60e2a033c4a9abc3987eb9f3286b8,""2024-06-27 12:08:12.447088"",1.00,48.00,48.00,11,100057.00,,0.00,8,TKECRBOB_REM000000101016_20240627_12081244.txt,0.00,11,3,100057.00,ACCT FR1530002002600000000013S10|NAME CONDAT SAS|NARR DATE INITIALE 2024-06-27|NARR REF BANQUE REMISE 85f60e2a033c4a9abc3987eb9f3286b8,100008.00"
"REM000000101068,""2024-06-28 00:00:00"",""2401081252"",P01_0000000000000000000100760,,13,1421.00,NORM,INST,"""",CONDAT SAS,102578,,FR,""79"",""30002002600000000010B03"",CRLYFRPPXXX,"""",,,13,1421.00,,""2024-07-01 17:23:09"",,""2024-07-01 17:24:20.976014"",""00908979b57b41ff90874318c0f431c8"",HIN01PS2_20240701_17242000.xml,RJCT,""2024-07-01 00:00:00"",PR200908979b57b41ff90874318c0f431c8,ACTC,,,,,,,,,,,,,,,,,,,,,,,,,,,13,0.00,0,1421.00,,0,,ACCT FR7930002002600000000010B03|NAME CONDAT SAS|DATE 2024-07-01T17:23:09|NARR DATE INITIALE 2024-06-28|NARR REF BANQUE REMISE 00908979b57b41ff90874318c0f431c8,,,,,13,1421.00,,0.00,,,,13,,1421.00,ACCT FR7930002002600000000010B03|NAME CONDAT SAS|NARR DATE INITIALE 2024-06-28|NARR REF BANQUE REMISE 00908979b57b41ff90874318c0f431c8,"
"REM000000101017,""2024-06-27 00:00:00"",""2401081252"",P01_0000000000000000000100712,,13,1421.00,HIGH,INST,"""",CONDAT SAS,102525,,FR,""79"",""30002002600000000010B03"",CRLYFRPPXXX,"""",,,13,1421.00,,""2024-06-27 12:03:31"",,""2024-06-27 12:04:21.201552"",""3c5231b884ca4ec5b07a9e863a440dd1"",HIN01PS2_20240627_12042100.xml,RJCT,""2024-06-27 00:00:00"",PR23c5231b884ca4ec5b07a9e863a440dd1,ACTC,,,,,,,,,,,,,,,,,,,,,,,,,,,13,0.00,0,1421.00,,0,,ACCT FR7930002002600000000010B03|NAME CONDAT SAS|DATE 2024-06-27T12:03:31|NARR DATE INITIALE 2024-06-27|NARR REF BANQUE REMISE 3c5231b884ca4ec5b07a9e863a440dd1,,,,,13,1421.00,,0.00,,,,13,,1421.00,ACCT FR7930002002600000000010B03|NAME CONDAT SAS|NARR DATE INITIALE 2024-06-27|NARR REF BANQUE REMISE 3c5231b884ca4ec5b07a9e863a440dd1,"
"REM000000101028,""2024-06-28 00:00:00"",CAS024b,P01_0000000000000000000100720,true,4,101161.26,"""","""","""",""8 - KINDER"",102537,,FR,""63"",""30002002600000001023R50"",CRLYFRPPXXX,"""",,,,,,,,,e9c0f472148d4a3598e60842d087e8e7,,,,,ACTC,,,,,,,,,,,,,,,,,,,,,,,,,,,,,,,,0,,,,,,,4,101161.26,,0.00,,,,4,,101161.26,ACCT FR6330002002600000001023R50|NAME 8 - KINDER|NARR DATE INITIALE 2024-06-28|NARR REF BANQUE REMISE e9c0f472148d4a3598e60842d087e8e7,"
"REM000000101069,""2024-06-28 00:00:00"",""2401081251"",P01_0000000000000000000100760,,11,100057.00,HIGH,INST,"""",CONDAT SAS,102577,,FR,""15"",""30002002600000000013S10"",CRLYFRPPXXX,"""",,,11,100057.00,,""2024-07-01 17:17:21"",,""2024-07-01 17:18:16.423063"",""7e4e19eeb90e4106a035bf1d34f18d83"",HIN01PS2_20240701_17181600.xml,PART,""2024-07-01 00:00:00"",PR27e4e19eeb90e4106a035bf1d34f18d83,ACTC,,""2024-07-01 17:24:10"",2,CAMT54_RJIP_20240701_17241100.xml,0,1.00,1,""2024-07-01 17:18:21.030536"",PSR3_LCL_20240701_17241000.xml,PR37e4e19eeb90e4106a035bf1d34f18d83,0.00,HIN01CRD_20240701_17182000.xml,8,""2024-07-01"",CROB,true,100008.00,EIP7e4e19eeb90e4106a035bf1d34f18d83,48.00,RIP7e4e19eeb90e4106a035bf1d34f18d83,CAMT54_RIPE_20240701_17241100.xml,CR7e4e19eeb90e4106a035bf1d34f18d83,""2024-07-01 17:17:21"",""2024-07-01 17:17:35"",""2024-07-01 17:24:11"",""2024-07-01 17:24:11"",2,49.00,9,100008.00,,0,100009.00,ACCT FR1530002002600000000013S10|NAME CONDAT SAS|DATE 2024-07-01T17:17:21|NARR DATE INITIALE 2024-06-28|NARR REF BANQUE REMISE 7e4e19eeb90e4106a035bf1d34f18d83,""2024-07-01 17:22:11.729349"",1.00,48.00,48.00,11,100057.00,,0.00,8,TKECRBOB_REM000000101069_20240701_17221172.txt,0.00,11,3,100057.00,ACCT FR1530002002600000000013S10|NAME CONDAT SAS|NARR DATE INITIALE 2024-06-28|NARR REF BANQUE REMISE 7e4e19eeb90e4106a035bf1d34f18d83,100008.00"
"REM000000101025,""2024-06-27 00:00:00"",""2401081252"",P01_0000000000000000000100717,,13,1421.00,HIGH,INST,"""",CONDAT SAS,102533,,FR,""79"",""30002002600000000010B03"",CRLYFRPPXXX,"""",,,13,1421.00,,""2024-06-27 16:33:22"",,""2024-06-27 16:34:20.900785"",c2ff04161d27414e8cd3819a7a1ba4aa,HIN01PS2_20240627_16342000.xml,RJCT,""2024-06-27 00:00:00"",PR2c2ff04161d27414e8cd3819a7a1ba4aa,ACTC,,,,,,,,,,,,,,,,,,,,,,,,,,,13,0.00,0,1421.00,,0,,ACCT FR7930002002600000000010B03|NAME CONDAT SAS|DATE 2024-06-27T16:33:22|NARR DATE INITIALE 2024-06-27|NARR REF BANQUE REMISE c2ff04161d27414e8cd3819a7a1ba4aa,,,,,13,1421.00,,0.00,,,,13,,1421.00,ACCT FR7930002002600000000010B03|NAME CONDAT SAS|NARR DATE INITIALE 2024-06-27|NARR REF BANQUE REMISE c2ff04161d27414e8cd3819a7a1ba4aa,"
"REM000000101008,""2024-06-24 00:00:00"",""2401081251"",P01_0000000000000000000100705,,11,100057.00,"""",INST,"""",CONDAT SAS,102489,,FR,""15"",""30002002600000000013S10"",CRLYFRPPXXX,"""",,,11,100057.00,,""2024-06-24 17:22:22"",,""2024-06-24 17:31:53.41194"",d834ea97625042e8a2fda7cac34c8cd5,HIN01PS2_20240624_17315300.xml,PART,""2024-06-24 00:00:00"",PR2d834ea97625042e8a2fda7cac34c8cd5,ACTC,,""2024-06-24 17:40:11"",2,CAMT54_RJIP_20240624_17401200.xml,0,1.00,1,""2024-06-24 17:31:55.452061"",PSR3_LCL_20240624_17401100.xml,PR3d834ea97625042e8a2fda7cac34c8cd5,0.00,HIN01CRD_20240624_17315500.xml,8,""2024-06-24"",CROB,true,100008.00,EIPd834ea97625042e8a2fda7cac34c8cd5,48.00,RIPd834ea97625042e8a2fda7cac34c8cd5,CAMT54_RIPE_20240624_17401100.xml,CRd834ea97625042e8a2fda7cac34c8cd5,""2024-06-24 17:22:22"",""2024-06-24 17:22:35"",""2024-06-24 17:40:11"",""2024-06-24 17:40:12"",2,49.00,9,100008.00,,0,100009.00,ACCT FR1530002002600000000013S10|NAME CONDAT SAS|DATE 2024-06-24T17:22:22|NARR DATE INITIALE 2024-06-24|NARR REF BANQUE REMISE d834ea97625042e8a2fda7cac34c8cd5,""2024-06-24 17:38:16.799109"",1.00,48.00,48.00,11,100057.00,,0.00,8,TKECRBOB_REM000000101008_20240624_17381679.txt,0.00,11,3,100057.00,ACCT FR1530002002600000000013S10|NAME CONDAT SAS|NARR DATE INITIALE 2024-06-24|NARR REF BANQUE REMISE d834ea97625042e8a2fda7cac34c8cd5,100008.00"
"REM000000101014,""2024-06-27 00:00:00"",""2401081251"",P01_0000000000000000000100711,,11,11.00,"""",INST,"""",CONDAT SAS,102524,,FR,""15"",""30002002600000000013S10"",CRLYFRPPXXX,"""",,,11,11.00,,""2024-06-27 11:54:06"",,""2024-06-27 11:54:15.90965"",""1d97ec3f13aa40c2a0c0bbc9abbe5a83"",HIN01PS2_20240627_11541500.xml,PART,""2024-06-27 00:00:00"",PR21d97ec3f13aa40c2a0c0bbc9abbe5a83,ACTC,,""2024-06-27 12:02:15"",1,CAMT54_RJIP_20240627_12021600.xml,0,1.00,1,""2024-06-27 11:54:20.770569"",PSR3_LCL_20240627_12021500.xml,PR31d97ec3f13aa40c2a0c0bbc9abbe5a83,0.00,HIN01CRD_20240627_11542000.xml,9,""2024-06-27"",CROB,true,1.00,EIP1d97ec3f13aa40c2a0c0bbc9abbe5a83,9.00,RIP1d97ec3f13aa40c2a0c0bbc9abbe5a83,CAMT54_RIPE_20240627_12021600.xml,CR1d97ec3f13aa40c2a0c0bbc9abbe5a83,""2024-06-27 11:54:06"",""2024-06-27 11:54:15"",""2024-06-27 12:02:16"",""2024-06-27 12:02:16"",1,10.00,10,1.00,,0,2.00,ACCT FR1530002002600000000013S10|NAME CONDAT SAS|DATE 2024-06-27T11:54:06|NARR DATE INITIALE 2024-06-27|NARR REF BANQUE REMISE 1d97ec3f13aa40c2a0c0bbc9abbe5a83,""2024-06-27 12:00:15.97818"",1.00,9.00,9.00,11,11.00,,0.00,9,TKECRBOB_REM000000101014_20240627_12001597.txt,0.00,11,2,11.00,ACCT FR1530002002600000000013S10|NAME CONDAT SAS|NARR DATE INITIALE 2024-06-27|NARR REF BANQUE REMISE 1d97ec3f13aa40c2a0c0bbc9abbe5a83,1.00"
"REM000000101070,""2024-06-28 00:00:00"",""2401081252"",P01_0000000000000000000100761,,13,1421.00,NORM,INST,"""",CONDAT SAS,102580,,FR,""79"",""30002002600000000010B03"",CRLYFRPPXXX,"""",,,,,,,,,,,,,,,,,,,,,,,,,,,,,,,,,,,,,,,,,,,,,,,,,,,,,,,,,,,,,,,,"
"REM000000101023,""2024-06-27 00:00:00"",""2401081251"",P01_0000000000000000000100716,,11,11.00,"""",INST,"""",CONDAT SAS,102531,,FR,""15"",""30002002600000000013S10"",CRLYFRPPXXX,"""",,,11,11.00,,""2024-06-27 15:33:26"",,""2024-06-27 15:34:15.82191"",d767bad878c0450ca88c603790286cf4,HIN01PS2_20240627_15341500.xml,PART,""2024-06-27 00:00:00"",PR2d767bad878c0450ca88c603790286cf4,ACTC,,""2024-06-27 15:40:10"",1,CAMT54_RJIP_20240627_15401100.xml,0,1.00,1,""2024-06-27 15:34:20.845683"",PSR3_LCL_20240627_15401000.xml,PR3d767bad878c0450ca88c603790286cf4,0.00,HIN01CRD_20240627_15342000.xml,9,""2024-06-27"",CROB,true,1.00,EIPd767bad878c0450ca88c603790286cf4,9.00,RIPd767bad878c0450ca88c603790286cf4,CAMT54_RIPE_20240627_15401000.xml,CRd767bad878c0450ca88c603790286cf4,""2024-06-27 15:33:26"",""2024-06-27 15:33:36"",""2024-06-27 15:40:10"",""2024-06-27 15:40:11"",1,10.00,10,1.00,,0,2.00,ACCT FR1530002002600000000013S10|NAME CONDAT SAS|DATE 2024-06-27T15:33:26|NARR DATE INITIALE 2024-06-27|NARR REF BANQUE REMISE d767bad878c0450ca88c603790286cf4,""2024-06-27 15:38:17.018806"",1.00,9.00,9.00,11,11.00,,0.00,9,TKECRBOB_REM000000101023_20240627_15381701.txt,0.00,11,2,11.00,ACCT FR1530002002600000000013S10|NAME CONDAT SAS|NARR DATE INITIALE 2024-06-27|NARR REF BANQUE REMISE d767bad878c0450ca88c603790286cf4,1.00"
"REM000000101018,""2024-06-27 00:00:00"",""2401081251"",P01_0000000000000000000100714,,11,11.00,"""",INST,"""",CONDAT SAS,102528,,FR,""15"",""30002002600000000013S10"",CRLYFRPPXXX,"""",,,11,11.00,,""2024-06-27 14:33:21"",,""2024-06-27 14:34:15.806879"",""3a8838fe9eab4298af38acda6593770f"",HIN01PS2_20240627_14341500.xml,PART,""2024-06-27 00:00:00"",PR23a8838fe9eab4298af38acda6593770f,ACTC,,""2024-06-27 14:42:10"",1,CAMT54_RJIP_20240627_14421100.xml,0,1.00,1,""2024-06-27 14:34:25.814846"",PSR3_LCL_20240627_14421000.xml,PR33a8838fe9eab4298af38acda6593770f,0.00,HIN01CRD_20240627_14342500.xml,9,""2024-06-27"",CROB,true,1.00,EIP3a8838fe9eab4298af38acda6593770f,9.00,RIP3a8838fe9eab4298af38acda6593770f,CAMT54_RIPE_20240627_14421000.xml,CR3a8838fe9eab4298af38acda6593770f,""2024-06-27 14:33:21"",""2024-06-27 14:33:36"",""2024-06-27 14:42:10"",""2024-06-27 14:42:11"",1,10.00,10,1.00,,0,2.00,ACCT FR1530002002600000000013S10|NAME CONDAT SAS|DATE 2024-06-27T14:33:21|NARR DATE INITIALE 2024-06-27|NARR REF BANQUE REMISE 3a8838fe9eab4298af38acda6593770f,""2024-06-27 14:40:12.829009"",1.00,9.00,9.00,11,11.00,,0.00,9,TKECRBOB_REM000000101018_20240627_14401282.txt,0.00,11,2,11.00,ACCT FR1530002002600000000013S10|NAME CONDAT SAS|NARR DATE INITIALE 2024-06-27|NARR REF BANQUE REMISE 3a8838fe9eab4298af38acda6593770f,1.00"
"REM000000101024,""2024-06-27 00:00:00"",""2401081251"",P01_0000000000000000000100717,,11,100057.00,HIGH,INST,"""",CONDAT SAS,102534,,FR,""15"",""30002002600000000013S10"",CRLYFRPPXXX,"""",,,11,100057.00,,""2024-06-27 16:33:22"",,""2024-06-27 16:34:15.83109"",""1114f12a301a40f19b2ed14f5907f6c8"",HIN01PS2_20240627_16341500.xml,PART,""2024-06-27 00:00:00"",PR21114f12a301a40f19b2ed14f5907f6c8,ACTC,,""2024-06-27 16:38:10"",2,CAMT54_RJIP_20240627_16381100.xml,0,1.00,1,""2024-06-27 16:34:26.004717"",PSR3_LCL_20240627_16381000.xml,PR31114f12a301a40f19b2ed14f5907f6c8,0.00,HIN01CRD_20240627_16342500.xml,8,""2024-06-27"",CROB,true,100008.00,EIP1114f12a301a40f19b2ed14f5907f6c8,48.00,RIP1114f12a301a40f19b2ed14f5907f6c8,CAMT54_RIPE_20240627_16381100.xml,CR1114f12a301a40f19b2ed14f5907f6c8,""2024-06-27 16:33:22"",""2024-06-27 16:33:30"",""2024-06-27 16:38:11"",""2024-06-27 16:38:11"",2,49.00,9,100008.00,,0,100009.00,ACCT FR1530002002600000000013S10|NAME CONDAT SAS|DATE 2024-06-27T16:33:22|NARR DATE INITIALE 2024-06-27|NARR REF BANQUE REMISE 1114f12a301a40f19b2ed14f5907f6c8,""2024-06-27 16:36:22.783279"",1.00,48.00,48.00,11,100057.00,,0.00,8,TKECRBOB_REM000000101024_20240627_16362278.txt,0.00,11,3,100057.00,ACCT FR1530002002600000000013S10|NAME CONDAT SAS|NARR DATE INITIALE 2024-06-27|NARR REF BANQUE REMISE 1114f12a301a40f19b2ed14f5907f6c8,100008.00"
"REM000000101071,""2024-06-28 00:00:00"",""2401081251"",P01_0000000000000000000100761,,11,100057.00,HIGH,INST,"""",CONDAT SAS,102579,,FR,""15"",""30002002600000000013S10"",CRLYFRPPXXX,"""",,,,,,,,,,,,,,,,,,,,,,,,,,,,,,,,,,,,,,,,,,,,,,,,,,,,,,,,,,,,,,,,"
"REM000000101026,""2024-06-28 00:00:00"",""2401081251"",P01_0000000000000000000100719,,11,100057.00,HIGH,INST,"""",CONDAT SAS,102536,,FR,""15"",""30002002600000000013S10"",CRLYFRPPXXX,"""",,,11,100057.00,,""2024-06-28 09:08:10"",,""2024-06-28 09:10:12.678898"",a36424724e5b4200b71ee43ebfef579c,HIN01PS2_20240628_09101100.xml,PART,""2024-06-28 00:00:00"",PR2a36424724e5b4200b71ee43ebfef579c,ACTC,,""2024-06-28 09:14:10"",2,CAMT54_RJIP_20240628_09141100.xml,0,1.00,1,""2024-06-28 09:10:19.170739"",PSR3_LCL_20240628_09141000.xml,PR3a36424724e5b4200b71ee43ebfef579c,0.00,HIN01CRD_20240628_09101600.xml,8,""2024-06-28"",CROB,true,100008.00,EIPa36424724e5b4200b71ee43ebfef579c,48.00,RIPa36424724e5b4200b71ee43ebfef579c,CAMT54_RIPE_20240628_09141100.xml,CRa36424724e5b4200b71ee43ebfef579c,""2024-06-28 09:08:10"",""2024-06-28 09:08:20"",""2024-06-28 09:14:11"",""2024-06-28 09:14:11"",2,49.00,9,100008.00,,0,100009.00,ACCT FR1530002002600000000013S10|NAME CONDAT SAS|DATE 2024-06-28T09:08:10|NARR DATE INITIALE 2024-06-28|NARR REF BANQUE REMISE a36424724e5b4200b71ee43ebfef579c,""2024-06-28 09:12:14.194615"",1.00,48.00,48.00,11,100057.00,,0.00,8,TKECRBOB_REM000000101026_20240628_09121419.txt,0.00,11,3,100057.00,ACCT FR1530002002600000000013S10|NAME CONDAT SAS|NARR DATE INITIALE 2024-06-28|NARR REF BANQUE REMISE a36424724e5b4200b71ee43ebfef579c,100008.00"
"REM000000101031,""2024-07-01 00:00:00"",""1004077827"",P01_0000000000000000000100723,false,10,104136.00,"""","""","""",""7 - AGTUBES"",102540,,FR,""82"",""30002002600000000015U41"",CRLYFRPPXXX,"""",,,,,,,,,fdc9b65963cc4b38875bfdb63a058000,,,,,RJCT,,,,,,,,,,,,,,,,,,,,,,,,,,,,,,,,9,,,,,,,0,0.00,,104036.91,,,,10,,104136.00,ACCT FR8230002002600000000015U41|NAME 7 - AGTUBES|NARR DATE INITIALE 2024-07-01|NARR REF BANQUE REMISE fdc9b65963cc4b38875bfdb63a058000,"
"REM000000101153,""2024-07-08 00:00:00"",""1004077827"",P01_0000000000000000000100845,,1,21.00,HIGH,INST,CtgyPurp Niveau Ordre,CONDAT SAS,102691,,FR,""82"",""30002002600000000015U41"",CRLYFRPPXXX,"""",,,,,,,,,,,,,,,,,,,,,,,,,,,,,,,,,,,,,,,,,,,,,,,,,,,,,,,,,,,,,,,,"
"REM000000101066,""2024-07-01 00:00:00"",""1004077827"",P01_0000000000000000000100758,false,10,104136.00,"""","""","""",""7 - AGTUBES"",102575,,FR,""82"",""30002002600000000015U41"",CRLYFRPPXXX,"""",,,10,104136.00,,""2024-07-01 16:42:23"",,""2024-07-01 16:44:35.718706"",c28a5a7900b04544be3a0310218025fd,HIN01PS2_20240701_16443500.xml,PART,""2024-07-01 00:00:00"",PR2c28a5a7900b04544be3a0310218025fd,ACTC,,""2024-07-01 16:50:11"",5,CAMT54_RJIP_20240701_16501200.xml,0,102560.21,5,""2024-07-01 16:44:45.782194"",PSR3_LCL_20240701_16501100.xml,PR3c28a5a7900b04544be3a0310218025fd,0.00,HIN01CRD_20240701_16444500.xml,0,,CROB,false,1575.79,EIPc28a5a7900b04544be3a0310218025fd,0.00,RIPc28a5a7900b04544be3a0310218025fd,CAMT54_RIPE_20240701_16501200.xml,CRc28a5a7900b04544be3a0310218025fd,""2024-07-01 16:42:23"",""2024-07-01 16:43:00"",""2024-07-01 16:50:12"",""2024-07-01 16:50:12"",4,2974.74,6,101161.26,,0,104136.00,ACCT FR8230002002600000000015U41|NAME 7 - AGTUBES|DATE 2024-07-01T16:42:23|NARR DATE INITIALE 2024-07-01|NARR REF BANQUE REMISE c28a5a7900b04544be3a0310218025fd,""2024-07-01 16:48:16.191194"",2974.74,0.00,0.00,10,104136.00,,0.00,0,TKECRBOB_REM000000101066_20240701_16481619.txt,0.00,10,10,104136.00,ACCT FR8230002002600000000015U41|NAME 7 - AGTUBES|NARR DATE INITIALE 2024-07-01|NARR REF BANQUE REMISE c28a5a7900b04544be3a0310218025fd,101161.26"
"REM000000101029,""2024-07-01 00:00:00"",""1004077827"",P01_0000000000000000000100721,true,1,1.00,"""","""","""",CONDAT SAS,102538,,FR,""82"",""30002002600000000015U41"",CRLYFRPPXXX,"""",,,1,1.00,,""2024-07-01 11:52:33"",,""2024-07-01 11:54:11.952725"",f4c9bb205dd644f68390344613008b17,HIN01PS2_20240701_11541100.xml,ACCP,""2024-07-01 00:00:00"",PR2f4c9bb205dd644f68390344613008b17,ACTC,,""2024-07-01 11:58:11"",0,CAMT54_RJIP_20240701_11581100.xml,0,0.00,0,""2024-07-01 11:54:20.89484"",PSR3_LCL_20240701_11581100.xml,PR3f4c9bb205dd644f68390344613008b17,0.00,HIN01CRD_20240701_11542000.xml,1,""2024-07-01"",CROB,true,0.00,EIPf4c9bb205dd644f68390344613008b17,1.00,RIPf4c9bb205dd644f68390344613008b17,CAMT54_RIPE_20240701_11581100.xml,CRf4c9bb205dd644f68390344613008b17,""2024-07-01 11:52:33"",""2024-07-01 11:52:40"",""2024-07-01 11:58:11"",""2024-07-01 11:58:11"",0,1.00,1,0.00,,0,0.00,ACCT FR8230002002600000000015U41|NAME CONDAT SAS|DATE 2024-07-01T11:52:33|NARR DATE INITIALE 2024-07-01|NARR REF BANQUE REMISE f4c9bb205dd644f68390344613008b17,""2024-07-01 11:56:23.408262"",0.00,1.00,1.00,1,1.00,,0.00,1,TKECRBOB_REM000000101029_20240701_11562340.txt,0.00,1,0,1.00,ACCT FR8230002002600000000015U41|NAME CONDAT SAS|NARR DATE INITIALE 2024-07-01|NARR REF BANQUE REMISE f4c9bb205dd644f68390344613008b17,0.00"
"REM000000101030,""2024-07-01 00:00:00"",CAS024b,P01_0000000000000000000100722,true,4,101161.26,"""","""","""",""8 - KINDER"",102539,,FR,""29"",""30002002600000000025W26"",CRLYFRPPXXX,"""",,,,,,,,,""4e7a2bb6199947e8adef1db73c48daa8"",,,,,ACTC,,,,,,,,,,,,,,,,,,,,,,,,,,,,,,,,0,,,,,,,4,101161.26,,0.00,,,,4,,101161.26,ACCT FR2930002002600000000025W26|NAME 8 - KINDER|NARR DATE INITIALE 2024-07-01|NARR REF BANQUE REMISE 4e7a2bb6199947e8adef1db73c48daa8,"
"REM000000101104,""2024-07-02 00:00:00"",""1004077827"",P01_0000000000000000000100795,,1,21.00,HIGH,INST,Prtry CtgyPurp Niveau Ordre,CONDAT SAS,102613,,FR,""82"",""30002002600000000015U41"",CRLYFRPPXXX,"""",,,1,21.00,,""2024-07-02 16:07:37"",,""2024-07-02 16:08:16.010466"",""9781ed1078c74caea7564d7b56f07520"",HIN01PS2_20240702_16081500.xml,ACCP,""2024-07-02 00:00:00"",PR29781ed1078c74caea7564d7b56f07520,ACTC,,""2024-07-02 16:14:10"",0,CAMT54_RJIP_20240702_16141100.xml,0,0.00,0,""2024-07-02 16:08:20.770366"",PSR3_LCL_20240702_16141000.xml,PR39781ed1078c74caea7564d7b56f07520,0.00,HIN01CRD_20240702_16082000.xml,1,""2024-07-02"",CROB,true,0.00,EIP9781ed1078c74caea7564d7b56f07520,21.00,RIP9781ed1078c74caea7564d7b56f07520,CAMT54_RIPE_20240702_16141000.xml,CR9781ed1078c74caea7564d7b56f07520,""2024-07-02 16:07:37"",""2024-07-02 16:07:45"",""2024-07-02 16:14:10"",""2024-07-02 16:14:11"",0,21.00,1,0.00,,0,0.00,ACCT FR8230002002600000000015U41|NAME CONDAT SAS|DATE 2024-07-02T16:07:37|NARR DATE INITIALE 2024-07-02|NARR REF BANQUE REMISE 9781ed1078c74caea7564d7b56f07520,""2024-07-02 16:12:12.572417"",0.00,21.00,21.00,1,21.00,,0.00,1,TKECRBOB_REM000000101104_20240702_16121257.txt,0.00,1,0,21.00,ACCT FR8230002002600000000015U41|NAME CONDAT SAS|NARR DATE INITIALE 2024-07-02|NARR REF BANQUE REMISE 9781ed1078c74caea7564d7b56f07520,0.00"
"REM000000101154,""2024-07-08 00:00:00"",""2201183"",P01_0000000000000000000100846,true,2,8.48,HIGH,INST,CORT,KKKKK,102692,,FR,""82"",""30002002600000000015U41"",CRLYFRPPXXX,KKKKK,102693,,,,,,,,""5e2ffb682d53428d881242a185eb32b8"",,,,,ACTC,,,,,,,,,,,,,,,,,,,,,,,,,,,,,,,,0,,,,,,,2,8.48,,0.00,,,,2,,8.48,ACCT FR8230002002600000000015U41|NAME KKKKK|NARR DATE INITIALE 2024-07-08|NARR REF BANQUE REMISE 5e2ffb682d53428d881242a185eb32b8,"
"REM000000101065,""2024-07-01 00:00:00"",CAS024b,P01_0000000000000000000100757,true,4,101161.26,"""","""","""",""8 - KINDER"",102574,,FR,""29"",""30002002600000000025W26"",CRLYFRPPXXX,"""",,,4,101161.26,,""2024-07-01 16:42:23"",,""2024-07-01 16:44:30.832167"",f8757447b43e463fb2a73bb54d2a9ed1,HIN01PS2_20240701_16443000.xml,RJCT,""2024-07-01 00:00:00"",PR2f8757447b43e463fb2a73bb54d2a9ed1,ACTC,,,,,,,,,,,,,,,,,,,,,,,,,,,4,0.00,0,101161.26,,0,,ACCT FR2930002002600000000025W26|NAME 8 - KINDER|DATE 2024-07-01T16:42:23|NARR DATE INITIALE 2024-07-01|NARR REF BANQUE REMISE f8757447b43e463fb2a73bb54d2a9ed1,,,,,4,101161.26,,0.00,,,,4,,101161.26,ACCT FR2930002002600000000025W26|NAME 8 - KINDER|NARR DATE INITIALE 2024-07-01|NARR REF BANQUE REMISE f8757447b43e463fb2a73bb54d2a9ed1,"
"REM000000101230,""2024-07-24 00:00:00"",PmtInf_PmtInfId du GrpHdr,P01_0000000000000000000100914,false,3,8.16,"""","""","""",R7 - Recall sur IPF,102873,,FR,""29"",""30002002600000000025W26"",CRLYFRPPXXX,"""",,,,,,,,,""454eb4725fdb4c3ca29f6abecceb261b"",,,,,RJCT,,,,,,,,,,,,,,,,,,,,,,,,,,,,,,,,3,,,,,,,0,0.00,,8.18,,,,3,,8.16,ACCT FR2930002002600000000025W26|NAME R7 - Recall sur IPF|NARR DATE INITIALE 2024-07-24|NARR REF BANQUE REMISE 454eb4725fdb4c3ca29f6abecceb261b,"
"REM000000101213,""2024-07-16 00:00:00"",""1004077827"",P01_0000000000000000000100897,true,1,0.01,"""","""","""",CONDAT SAS,102806,,FR,""82"",""30002002600000000015U41"",CRLYFRPPXXX,Test nom A1 ord,102807,,1,0.01,,""2024-07-16 10:52:43"",,""2024-07-16 10:54:15.916275"",""96fd56f1029c4d21ae7c73bf934b0299"",HIN01PS2_20240716_10541500.xml,ACCP,""2024-07-16 00:00:00"",PR296fd56f1029c4d21ae7c73bf934b0299,ACTC,,,,,,,,,,,,,,,,,,,,,,,,,,,0,0.01,1,0.00,,0,,ACCT FR8230002002600000000015U41|NAME CONDAT SAS|DATE 2024-07-16T10:52:43|NARR DATE INITIALE 2024-07-16|NARR REF BANQUE REMISE 96fd56f1029c4d21ae7c73bf934b0299,,,,,1,0.01,,0.00,,,,1,,0.01,ACCT FR8230002002600000000015U41|NAME CONDAT SAS|NARR DATE INITIALE 2024-07-16|NARR REF BANQUE REMISE 96fd56f1029c4d21ae7c73bf934b0299,"
"REM000000101211,""2024-07-12 00:00:00"",""1004077827"",P01_0000000000000000000100896,false,5,145.00,"""","""","""",CONDAT SAS,102805,,FR,""82"",""30002002600000000025W26"",CRLYFRPPXXX,"""",,,5,145.00,,""2024-07-12 17:37:30"",,""2024-07-12 17:38:16.279137"",""6d3efad054ec4a1390dee7ef9a2b43cf"",HIN01PS2_20240712_17381600.xml,RJCT,""2024-07-12 00:00:00"",PR26d3efad054ec4a1390dee7ef9a2b43cf,ACTC,,,,,,,,,,,,,,,,,,,,,,,,,,,5,0.00,0,145.00,,0,,ACCT FR8230002002600000000025W26|NAME CONDAT SAS|DATE 2024-07-12T17:37:30|NARR DATE INITIALE 2024-07-12|NARR REF BANQUE REMISE 6d3efad054ec4a1390dee7ef9a2b43cf,,,,,5,145.00,,0.00,,,,5,,145.00,ACCT FR8230002002600000000025W26|NAME CONDAT SAS|NARR DATE INITIALE 2024-07-12|NARR REF BANQUE REMISE 6d3efad054ec4a1390dee7ef9a2b43cf,"
"REM000000101110,""2024-07-03 00:00:00"",""1004077827"",P01_0000000000000000000100802,true,1,1.00,"""","""","""",CONDAT SAS,102623,,FR,""82"",""30002002600000000015U41"",CRLYFRPPXXX,"""",102624,,1,1.00,,""2024-07-04 11:26:01"",,""2024-07-04 11:42:38.552544"",""70e4ccd482454b27bf3ec96502257291"",HIN01PS2_20240704_11423700.xml,ACCP,""2024-07-04 00:00:00"",PR270e4ccd482454b27bf3ec96502257291,ACTC,,""2024-07-08 14:21:33"",1,CAMT54_RJIP_20240708_14213400.xml,0,0.00,0,""2024-07-04 13:52:16.996992"",PSR3_LCL_20240708_14213300.xml,PR370e4ccd482454b27bf3ec96502257291,0.00,HIN01CRD_20240704_13521600.xml,0,,CROB,true,1.00,EIP70e4ccd482454b27bf3ec96502257291,0.00,RIP70e4ccd482454b27bf3ec96502257291,CAMT54_RIPE_20240708_14213400.xml,CR70e4ccd482454b27bf3ec96502257291,""2024-07-04 11:26:01"",""2024-07-04 13:50:10"",""2024-07-08 14:21:34"",""2024-07-08 14:21:34"",0,1.00,1,0.00,,0,1.00,ACCT FR8230002002600000000015U41|NAME CONDAT SAS|DATE 2024-07-04T11:26:01|NARR DATE INITIALE 2024-07-03|NARR REF BANQUE REMISE 70e4ccd482454b27bf3ec96502257291,""2024-07-04 13:56:12.930838"",1.00,0.00,0.00,1,1.00,,0.00,0,TKECRBOB_REM000000101110_20240704_13561293.txt,0.00,1,1,1.00,ACCT FR8230002002600000000015U41|NAME CONDAT SAS|NARR DATE INITIALE 2024-07-03|NARR REF BANQUE REMISE 70e4ccd482454b27bf3ec96502257291,0.00"
"REM000000101231,""2024-07-24 00:00:00"",""1004077827"",P01_0000000000000000000100916,true,1,1.00,"""","""","""",COND'AT SAS,102874,,FR,""82"",""30002002600000000015U41"",CRLYFRPPXXX,"""",,,,,,,,,f1e44bbe9b9b461b98c1342aeaf309c6,,,,,ACTC,,,,,,,,,,,,,,,,,,,,,,,,,,,,,,,,0,,,,,,,1,1.00,,0.00,,,,1,,1.00,ACCT FR8230002002600000000015U41|NAME COND'AT SAS|NARR DATE INITIALE 2024-07-24|NARR REF BANQUE REMISE f1e44bbe9b9b461b98c1342aeaf309c6,"
"REM000000101155,""2024-07-08 00:00:00"",""2201183"",P01_0000000000000000000100847,true,2,8.48,HIGH,INST,CORT,KKKKK,102696,,FR,""82"",""30002002600000000015U41"",CRLYFRPPXXX,KKKKK,102697,,2,8.48,,""2024-07-09 13:33:36"",,""2024-07-09 13:34:21.146627"",f759262a07ed45a7abd563c2520a071c,HIN01PS2_20240709_13342100.xml,ACCP,""2024-07-09 00:00:00"",PR2f759262a07ed45a7abd563c2520a071c,ACTC,,""2024-07-09 13:38:10"",0,CAMT54_RJIP_20240709_13381100.xml,0,4.34,1,""2024-07-09 13:34:21.527076"",PSR3_LCL_20240709_13381000.xml,PR3f759262a07ed45a7abd563c2520a071c,0.00,HIN01CRD_20240709_13342100.xml,1,""2024-07-09"",CROB,true,0.00,EIPf759262a07ed45a7abd563c2520a071c,4.14,RIPf759262a07ed45a7abd563c2520a071c,CAMT54_RIPE_20240709_13381000.xml,CRf759262a07ed45a7abd563c2520a071c,""2024-07-09 13:33:36"",""2024-07-09 13:33:50"",""2024-07-09 13:38:10"",""2024-07-09 13:38:11"",0,8.48,2,0.00,,0,4.34,ACCT FR8230002002600000000015U41|NAME KKKKK|DATE 2024-07-09T13:33:36|NARR DATE INITIALE 2024-07-08|NARR REF BANQUE REMISE f759262a07ed45a7abd563c2520a071c,""2024-07-09 13:36:20.047901"",4.34,4.14,4.14,2,8.48,,0.00,1,TKECRBOB_REM000000101155_20240709_13362004.txt,0.00,2,1,8.48,ACCT FR8230002002600000000015U41|NAME KKKKK|NARR DATE INITIALE 2024-07-08|NARR REF BANQUE REMISE f759262a07ed45a7abd563c2520a071c,0.00"
"REM000000101129,""2024-07-03 00:00:00"",""1004077827"",P01_0000000000000000000100821,true,1,1.00,"""","""","""",CONDAT SAS,102656,,FR,""82"",""30002002600000000015U41"",CRLYFRPPXXX,Test nom F2 ord,,103931,1,1.00,,""2024-07-04 11:19:11"",,""2024-07-04 11:21:36.740323"",""8577328dde8044bda1eb9fc1d46d7b30"",HIN01PS2_20240704_11213600.xml,ACCP,""2024-07-04 00:00:00"",PR28577328dde8044bda1eb9fc1d46d7b30,ACTC,,""2024-07-08 15:30:33"",0,CAMT54_RJIP_20240708_15303300.xml,0,0.00,0,""2024-07-04 11:22:33.27843"",PSR3_LCL_20240708_15303300.xml,PR38577328dde8044bda1eb9fc1d46d7b30,0.00,HIN01CRD_20240704_11222100.xml,1,""2024-07-04"",CROB,true,0.00,EIP8577328dde8044bda1eb9fc1d46d7b30,1.00,RIP8577328dde8044bda1eb9fc1d46d7b30,CAMT54_RIPE_20240708_15303300.xml,CR8577328dde8044bda1eb9fc1d46d7b30,""2024-07-04 11:19:11"",""2024-07-04 11:19:20"",""2024-07-08 15:30:33"",""2024-07-08 15:30:33"",0,1.00,1,0.00,,0,0.00,ACCT FR8230002002600000000015U41|NAME CONDAT SAS|DATE 2024-07-04T11:19:11|NARR DATE INITIALE 2024-07-03|NARR REF BANQUE REMISE 8577328dde8044bda1eb9fc1d46d7b30,""2024-07-04 11:29:09.260383"",0.00,1.00,1.00,1,1.00,,0.00,1,TKECRBOB_REM000000101129_20240704_11290926.txt,0.00,1,0,1.00,ACCT FR8230002002600000000015U41|NAME CONDAT SAS|NARR DATE INITIALE 2024-07-03|NARR REF BANQUE REMISE 8577328dde8044bda1eb9fc1d46d7b30,0.00"
"REM000000101105,""2024-07-02 00:00:00"",""1004077827"",P01_0000000000000000000100797,,1,21.00,HIGH,INST,Prtry CtgyPurp Niveau Ordre,CONDAT SAS,102614,,FR,""82"",""30002002600000000015U41"",CRLYFRPPXXX,"""",,,1,21.00,,""2024-07-02 16:57:39"",,""2024-07-02 16:58:15.931326"",b4ee118145e04cc6a7d26de3bd07eed6,HIN01PS2_20240702_16581500.xml,ACCP,""2024-07-02 00:00:00"",PR2b4ee118145e04cc6a7d26de3bd07eed6,ACTC,,""2024-07-02 17:02:13"",0,CAMT54_RJIP_20240702_17021300.xml,0,0.00,0,""2024-07-02 16:58:20.921059"",PSR3_LCL_20240702_17021300.xml,PR3b4ee118145e04cc6a7d26de3bd07eed6,0.00,HIN01CRD_20240702_16582000.xml,1,""2024-07-02"",CROB,true,0.00,EIPb4ee118145e04cc6a7d26de3bd07eed6,21.00,RIPb4ee118145e04cc6a7d26de3bd07eed6,CAMT54_RIPE_20240702_17021300.xml,CRb4ee118145e04cc6a7d26de3bd07eed6,""2024-07-02 16:57:39"",""2024-07-02 16:57:50"",""2024-07-02 17:02:13"",""2024-07-02 17:02:13"",0,21.00,1,0.00,,0,0.00,ACCT FR8230002002600000000015U41|NAME CONDAT SAS|DATE 2024-07-02T16:57:39|NARR DATE INITIALE 2024-07-02|NARR REF BANQUE REMISE b4ee118145e04cc6a7d26de3bd07eed6,""2024-07-02 17:00:23.481085"",0.00,21.00,21.00,1,21.00,,0.00,1,TKECRBOB_REM000000101105_20240702_17002348.txt,0.00,1,0,21.00,ACCT FR8230002002600000000015U41|NAME CONDAT SAS|NARR DATE INITIALE 2024-07-02|NARR REF BANQUE REMISE b4ee118145e04cc6a7d26de3bd07eed6,0.00"
"REM000000101106,""2024-07-02 00:00:00"",""1004077827"",P01_0000000000000000000100798,,1,21.00,HIGH,INST,Cd CtgyPurp Niveau Ordre,CONDAT SAS,102615,,FR,""82"",""30002002600000000015U41"",CRLYFRPPXXX,"""",,,,,,,,,,,,,,,,,,,,,,,,,,,,,,,,,,,,,,,,,,,,,,,,,,,,,,,,,,,,,,,,"
"REM000000101165,""2024-07-11 00:00:00"",""2201183"",P01_0000000000000000000100853,true,1,1.00,HIGH,INST,CORT,KKKKK,102735,,FR,""82"",""30002002600000000015U41"",CRLYFRPPXXX,KKKKK,102736,,1,1.00,,""2024-07-11 11:02:31"",,""2024-07-11 11:04:41.942218"",""38178f2d11dc4e7386e5467f5f20f517"",HIN01PS2_20240711_11044100.xml,ACCP,""2024-07-11 00:00:00"",PR238178f2d11dc4e7386e5467f5f20f517,ACTC,,""2024-07-11 11:10:09"",0,CAMT54_RJIP_20240711_11101000.xml,0,1.00,1,""2024-07-11 11:04:51.72506"",PSR3_LCL_20240711_11100900.xml,PR338178f2d11dc4e7386e5467f5f20f517,0.00,HIN01CRD_20240711_11045100.xml,0,,CROB,true,0.00,EIP38178f2d11dc4e7386e5467f5f20f517,0.00,RIP38178f2d11dc4e7386e5467f5f20f517,CAMT54_RIPE_20240711_11101000.xml,CR38178f2d11dc4e7386e5467f5f20f517,""2024-07-11 11:02:31"",""2024-07-11 11:02:35"",""2024-07-11 11:10:10"",""2024-07-11 11:10:10"",0,1.00,1,0.00,,0,1.00,ACCT FR8230002002600000000015U41|NAME KKKKK|DATE 2024-07-11T11:02:31|NARR DATE INITIALE 2024-07-11|NARR REF BANQUE REMISE 38178f2d11dc4e7386e5467f5f20f517,""2024-07-11 11:08:15.029171"",1.00,0.00,0.00,1,1.00,,0.00,0,TKECRBOB_REM000000101165_20240711_11081502.txt,0.00,1,1,1.00,ACCT FR8230002002600000000015U41|NAME KKKKK|NARR DATE INITIALE 2024-07-11|NARR REF BANQUE REMISE 38178f2d11dc4e7386e5467f5f20f517,0.00"
"REM000000101212,""2024-07-12 00:00:00"",""1004077827"",P01_0000000000000000000100896,true,5,120.00,"""","""","""",CONDAT SAS,102804,,FR,""82"",""30002002600000000025W26"",CRLYFRPPXXX,"""",,,5,120.00,,""2024-07-12 17:37:30"",,""2024-07-12 17:38:21.611152"",""132c61ca6cd7461db896035ebfbfe2b2"",HIN01PS2_20240712_17382100.xml,RJCT,""2024-07-12 00:00:00"",PR2132c61ca6cd7461db896035ebfbfe2b2,ACTC,,,,,,,,,,,,,,,,,,,,,,,,,,,5,0.00,0,120.00,,0,,ACCT FR8230002002600000000025W26|NAME CONDAT SAS|DATE 2024-07-12T17:37:30|NARR DATE INITIALE 2024-07-12|NARR REF BANQUE REMISE 132c61ca6cd7461db896035ebfbfe2b2,,,,,5,120.00,,0.00,,,,5,,120.00,ACCT FR8230002002600000000025W26|NAME CONDAT SAS|NARR DATE INITIALE 2024-07-12|NARR REF BANQUE REMISE 132c61ca6cd7461db896035ebfbfe2b2,"
"REM000000101107,""2024-07-03 00:00:00"",""1004077827"",P01_0000000000000000000100799,,1,21.00,HIGH,INST,CD01,CONDAT SAS,102616,,FR,""82"",""30002002600000000015U41"",CRLYFRPPXXX,"""",,,1,21.00,,""2024-07-03 09:22:41"",,""2024-07-03 09:24:15.752879"",""73882be213fd40109d4d2adbfd042af8"",HIN01PS2_20240703_09241500.xml,ACCP,""2024-07-03 00:00:00"",PR273882be213fd40109d4d2adbfd042af8,ACTC,,""2024-07-03 09:28:09"",1,CAMT54_RJIP_20240703_09280900.xml,0,0.00,0,""2024-07-03 09:24:25.727502"",PSR3_LCL_20240703_09280900.xml,PR373882be213fd40109d4d2adbfd042af8,0.00,HIN01CRD_20240703_09242500.xml,0,,CROB,true,21.00,EIP73882be213fd40109d4d2adbfd042af8,0.00,RIP73882be213fd40109d4d2adbfd042af8,CAMT54_RIPE_20240703_09280900.xml,CR73882be213fd40109d4d2adbfd042af8,""2024-07-03 09:22:41"",""2024-07-03 09:22:50"",""2024-07-03 09:28:09"",""2024-07-03 09:28:09"",0,21.00,1,0.00,,0,21.00,ACCT FR8230002002600000000015U41|NAME CONDAT SAS|DATE 2024-07-03T09:22:41|NARR DATE INITIALE 2024-07-03|NARR REF BANQUE REMISE 73882be213fd40109d4d2adbfd042af8,""2024-07-03 09:26:19.091194"",21.00,0.00,0.00,1,21.00,,0.00,0,TKECRBOB_REM000000101107_20240703_09261909.txt,0.00,1,1,21.00,ACCT FR8230002002600000000015U41|NAME CONDAT SAS|NARR DATE INITIALE 2024-07-03|NARR REF BANQUE REMISE 73882be213fd40109d4d2adbfd042af8,0.00"
"REM000000101113,""2024-07-03 00:00:00"",""1004077827"",P01_0000000000000000000100805,true,1,1.00,"""","""","""",CONDAT SAS,102630,,FR,""82"",""30002002600000000015U41"",CRLYFRPPXXX,Test nom B1 ord,102631,,1,1.00,,""2024-07-04 11:26:12"",,""2024-07-04 11:27:12.054116"",""9b27cbd41b2748d98cdfd91dc2e26d7b"",HIN01PS2_20240704_11271100.xml,ACCP,""2024-07-04 00:00:00"",PR29b27cbd41b2748d98cdfd91dc2e26d7b,ACTC,,""2024-07-08 14:43:02"",1,CAMT54_RJIP_20240708_14430300.xml,0,0.00,0,""2024-07-04 11:27:46.053979"",PSR3_LCL_20240708_14430200.xml,PR39b27cbd41b2748d98cdfd91dc2e26d7b,0.00,HIN01CRD_20240704_11274500.xml,0,,CROB,true,1.00,EIP9b27cbd41b2748d98cdfd91dc2e26d7b,0.00,RIP9b27cbd41b2748d98cdfd91dc2e26d7b,CAMT54_RIPE_20240708_14430200.xml,CR9b27cbd41b2748d98cdfd91dc2e26d7b,""2024-07-04 11:26:12"",""2024-07-04 11:26:20"",""2024-07-08 14:43:02"",""2024-07-08 14:43:03"",0,1.00,1,0.00,,0,1.00,ACCT FR8230002002600000000015U41|NAME CONDAT SAS|DATE 2024-07-04T11:26:12|NARR DATE INITIALE 2024-07-03|NARR REF BANQUE REMISE 9b27cbd41b2748d98cdfd91dc2e26d7b,""2024-07-04 11:56:16.435657"",1.00,0.00,0.00,1,1.00,,0.00,0,TKECRBOB_REM000000101113_20240704_11561643.txt,0.00,1,1,1.00,ACCT FR8230002002600000000015U41|NAME CONDAT SAS|NARR DATE INITIALE 2024-07-03|NARR REF BANQUE REMISE 9b27cbd41b2748d98cdfd91dc2e26d7b,0.00"
"REM000000101114,""2024-07-03 00:00:00"",""1004077827"",P01_0000000000000000000100806,true,1,1.00,"""","""","""",CONDAT SAS,102633,,FR,""82"",""30002002600000000015U41"",CRLYFRPPXXX,Test nom B2 ord,,,,,,,,,,,,,,,,,,,,,,,,,,,,,,,,,,,,,,,,,,,,,,,,,,,,,,,,,,,,,,,,"
"REM000000101214,""2024-07-03 00:00:00"",""1004077827"",P01_0000000000000000000100898,true,1,0.01,"""","""","""",CONDAT SAS,102809,,FR,""82"",""30002002600000000015U41"",CRLYFRPPXXX,Test nom B1 ord,102810,,1,0.01,,""2024-07-16 11:07:20"",,""2024-07-16 11:08:16.044124"",c77dfa487a7148a4a91ce72cc11dd8e9,HIN01PS2_20240716_11081500.xml,RJCT,""2024-07-16 00:00:00"",PR2c77dfa487a7148a4a91ce72cc11dd8e9,ACTC,,,,,,,,,,,,,,,,,,,,,,,,,,,1,0.00,0,0.01,,0,,ACCT FR8230002002600000000015U41|NAME CONDAT SAS|DATE 2024-07-16T11:07:20|NARR DATE INITIALE 2024-07-03|NARR REF BANQUE REMISE c77dfa487a7148a4a91ce72cc11dd8e9,,,,,1,0.01,,0.00,,,,1,,0.01,ACCT FR8230002002600000000015U41|NAME CONDAT SAS|NARR DATE INITIALE 2024-07-03|NARR REF BANQUE REMISE c77dfa487a7148a4a91ce72cc11dd8e9,"
"REM000000101109,""2024-07-03 00:00:00"",""1004077827"",P01_0000000000000000000100801,true,1,1.00,"""","""","""",CONDAT SAS,102620,,FR,""82"",""30002002600000000015U41"",CRLYFRPPXXX,Test nom A1 ord,102621,,1,1.00,,""2024-07-04 11:26:00"",,""2024-07-04 11:26:55.189309"",""9530c8cf101e4512b9cf0a34c2a5ab88"",HIN01PS2_20240704_11265400.xml,ACCP,""2024-07-04 00:00:00"",PR29530c8cf101e4512b9cf0a34c2a5ab88,ACTC,,""2024-07-08 11:55:41"",,CAMT54_RJIP_20240708_11554200.xml,,,,,PSR3_LCL_20240708_11554100.xml,PR39530c8cf101e4512b9cf0a34c2a5ab88,,,,,,,,EIP9530c8cf101e4512b9cf0a34c2a5ab88,,RIP9530c8cf101e4512b9cf0a34c2a5ab88,CAMT54_RIPE_20240708_11554200.xml,,,,""2024-07-08 11:55:42"",""2024-07-08 11:55:42"",0,1.00,1,0.00,,0,,ACCT FR8230002002600000000015U41|NAME CONDAT SAS|DATE 2024-07-04T11:26:00|NARR DATE INITIALE 2024-07-03|NARR REF BANQUE REMISE 9530c8cf101e4512b9cf0a34c2a5ab88,,,,,1,1.00,,0.00,,,,1,,1.00,ACCT FR8230002002600000000015U41|NAME CONDAT SAS|NARR DATE INITIALE 2024-07-03|NARR REF BANQUE REMISE 9530c8cf101e4512b9cf0a34c2a5ab88,"
"REM000000101167,""2024-07-11 00:00:00"",""1004077827"",P01_0000000000000000000100854,true,2,3.00,"""","""","""",CONDAT SAS,102751,,FR,""82"",""30002002600000000015U41"",CRLYFRPPXXX,"""",,,,,,,,,,,,,,,,,,,,,,,,,,,,,,,,,,,,,,,,,,,,,,,,,,,,,,,,,,,,,,,,"
"REM000000101156,""2024-07-09 00:00:00"",""1004077827"",P01_0000000000000000000100848,true,1,1.00,"""","""","""",CONDAT SAS,102700,,FR,""82"",""30002002600000000015U41"",CRLYFRPPXXX,Test nom A1 ord,102701,,1,1.00,,""2024-07-09 16:22:27"",,""2024-07-09 16:24:15.916967"",""66e321a0ab5c46d4993418b222b22dab"",HIN01PS2_20240709_16241500.xml,ACCP,""2024-07-09 00:00:00"",PR266e321a0ab5c46d4993418b222b22dab,ACTC,,,,,,,,,,,,,,,,,,,,,,,,,,,0,1.00,1,0.00,,0,,ACCT FR8230002002600000000015U41|NAME CONDAT SAS|DATE 2024-07-09T16:22:27|NARR DATE INITIALE 2024-07-09|NARR REF BANQUE REMISE 66e321a0ab5c46d4993418b222b22dab,,,,,1,1.00,,0.00,,,,1,,1.00,ACCT FR8230002002600000000015U41|NAME CONDAT SAS|NARR DATE INITIALE 2024-07-09|NARR REF BANQUE REMISE 66e321a0ab5c46d4993418b222b22dab,"
"REM000000101119,""2024-07-04 00:00:00"",""1004077827"",P01_0000000000000000000100811,true,1,1.00,"""","""","""",CONDAT SAS,102646,,FR,""82"",""30002002600000000015U41"",CRLYFRPPXXX,Test nom D1 ord,,,,,,,,,,,,,,,,,,,,,,,,,,,,,,,,,,,,,,,,,,,,,,,,,,,,,,,,,,,,,,,,"
"REM000000101120,""2024-07-04 00:00:00"",""1004077827"",P01_0000000000000000000100812,true,1,1.00,"""","""","""",CONDAT SAS,102647,,FR,""82"",""30002002600000000015U41"",CRLYFRPPXXX,Test nom D2 ord,,,,,,,,,,,,,,,,,,,,,,,,,,,,,,,,,,,,,,,,,,,,,,,,,,,,,,,,,,,,,,,,"
"REM000000101121,""2024-07-04 00:00:00"",""1004077827"",P01_0000000000000000000100813,true,1,1.00,"""","""","""",CONDAT SAS,102648,,FR,""82"",""30002002600000000015U41"",CRLYFRPPXXX,Test nom D3 ord,,,,,,,,,,,,,,,,,,,,,,,,,,,,,,,,,,,,,,,,,,,,,,,,,,,,,,,,,,,,,,,,"
"REM000000101122,""2024-07-04 00:00:00"",""1004077827"",P01_0000000000000000000100814,true,1,1.00,"""","""","""",CONDAT SAS,102649,,FR,""82"",""30002002600000000015U41"",CRLYFRPPXXX,Test nom D4 ord,,,,,,,,,,,,,,,,,,,,,,,,,,,,,,,,,,,,,,,,,,,,,,,,,,,,,,,,,,,,,,,,"
"REM000000101123,""2024-07-04 00:00:00"",""1004077827"",P01_0000000000000000000100815,true,1,1.00,"""","""","""",CONDAT SAS,102650,,FR,""82"",""30002002600000000015U41"",CRLYFRPPXXX,Test nom D5 ord,,,,,,,,,,,,,,,,,,,,,,,,,,,,,,,,,,,,,,,,,,,,,,,,,,,,,,,,,,,,,,,,"
"REM000000101168,""2024-07-11 00:00:00"",""1004077827"",P01_0000000000000000000100854,true,2,7.00,HIGH,"""","""",CONDAT SAS,102750,,FR,""82"",""30002002600000000015U41"",CRLYFRPPXXX,"""",,,,,,,,,,,,,,,,,,,,,,,,,,,,,,,,,,,,,,,,,,,,,,,,,,,,,,,,,,,,,,,,"
"REM000000101125,""2024-07-03 00:00:00"",""1004077827"",P01_0000000000000000000100817,true,1,1.00,"""","""","""",CONDAT SAS,102652,,FR,""82"",""30002002600000000015U41"",CRLYFRPPXXX,Test nom E2 ord,,,,,,,,,,,,,,,,,,,,,,,,,,,,,,,,,,,,,,,,,,,,,,,,,,,,,,,,,,,,,,,,"
"REM000000101128,""2024-07-04 00:00:00"",""1004077827"",P01_0000000000000000000100820,true,1,1.00,"""","""","""",CONDAT SAS,102655,,FR,""82"",""30002002600000000015U41"",CRLYFRPPXXX,Test nom F1 ord,,103930,,,,,,,""4b3aedf18cf34163a8b0a9fc6870861c"",,,,,ACTC,,,,,,,,,,,,,,,,,,,,,,,,,,,,,,,,0,,,,,,,1,1.00,,0.00,,,,1,,1.00,ACCT FR8230002002600000000015U41|NAME CONDAT SAS|NARR DATE INITIALE 2024-07-04|NARR REF BANQUE REMISE 4b3aedf18cf34163a8b0a9fc6870861c,"
"REM000000101111,""2024-07-03 00:00:00"",""1004077827"",P01_0000000000000000000100803,true,1,1.00,"""","""","""",CONDAT SAS,102626,,FR,""82"",""30002002600000000015U41"",CRLYFRPPXXX,Test nom A3 ord,,,,,,,,,""80a1927de1574ee1b03b2031e57172c8"",,,,,ACTC,,,,,,,,,,,,,,,,,,,,,,,,,,,,,,,,0,,,,,,,1,1.00,,0.00,,,,1,,1.00,ACCT FR8230002002600000000015U41|NAME CONDAT SAS|NARR DATE INITIALE 2024-07-03|NARR REF BANQUE REMISE 80a1927de1574ee1b03b2031e57172c8,"
"REM000000101116,""2024-07-03 00:00:00"",""1004077827"",P01_0000000000000000000100808,true,1,1.00,"""","""","""",CONDAT SAS,102637,,FR,""82"",""30002002600000000015U41"",CRLYFRPPXXX,Test nom B4 ord,102638,,1,1.00,,""2024-07-04 11:26:14"",,""2024-07-04 11:27:16.654151"",bf0b88e83c7840dba2abd79042a8220e,HIN01PS2_20240704_11271600.xml,ACCP,""2024-07-04 00:00:00"",PR2bf0b88e83c7840dba2abd79042a8220e,ACTC,,""2024-07-08 14:58:05"",1,CAMT54_RJIP_20240708_14580500.xml,0,0.00,0,""2024-07-04 11:27:51.197035"",PSR3_LCL_20240708_14580500.xml,PR3bf0b88e83c7840dba2abd79042a8220e,0.00,HIN01CRD_20240704_11275100.xml,0,,CROB,true,1.00,EIPbf0b88e83c7840dba2abd79042a8220e,0.00,RIPbf0b88e83c7840dba2abd79042a8220e,CAMT54_RIPE_20240708_14580500.xml,CRbf0b88e83c7840dba2abd79042a8220e,""2024-07-04 11:26:14"",""2024-07-04 11:26:20"",""2024-07-08 14:58:05"",""2024-07-08 14:58:05"",0,1.00,1,0.00,,0,1.00,ACCT FR8230002002600000000015U41|NAME CONDAT SAS|DATE 2024-07-04T11:26:14|NARR DATE INITIALE 2024-07-03|NARR REF BANQUE REMISE bf0b88e83c7840dba2abd79042a8220e,""2024-07-04 11:58:16.922654"",1.00,0.00,0.00,1,1.00,,0.00,0,TKECRBOB_REM000000101116_20240704_11581692.txt,0.00,1,1,1.00,ACCT FR8230002002600000000015U41|NAME CONDAT SAS|NARR DATE INITIALE 2024-07-03|NARR REF BANQUE REMISE bf0b88e83c7840dba2abd79042a8220e,0.00"
"REM000000101118,""2024-07-03 00:00:00"",""1004077827"",P01_0000000000000000000100810,true,1,1.00,"""","""","""",CONDAT SAS,102643,,FR,""82"",""30002002600000000015U41"",CRLYFRPPXXX,Test nom C1 ord,102644,,1,1.00,,""2024-07-04 11:26:10"",,""2024-07-04 11:27:32.197666"",ac6fa37d184a4012a8578226ca489abd,HIN01PS2_20240704_11273200.xml,ACCP,""2024-07-04 00:00:00"",PR2ac6fa37d184a4012a8578226ca489abd,ACTC,,""2024-07-08 15:02:02"",0,CAMT54_RJIP_20240708_15020200.xml,0,0.00,0,""2024-07-04 11:28:01.718153"",PSR3_LCL_20240708_15020200.xml,PR3ac6fa37d184a4012a8578226ca489abd,0.00,HIN01CRD_20240704_11280100.xml,1,""2024-07-04"",CROB,true,0.00,EIPac6fa37d184a4012a8578226ca489abd,1.00,RIPac6fa37d184a4012a8578226ca489abd,CAMT54_RIPE_20240708_15020200.xml,CRac6fa37d184a4012a8578226ca489abd,""2024-07-04 11:26:10"",""2024-07-04 11:26:20"",""2024-07-08 15:02:02"",""2024-07-08 15:02:02"",0,1.00,1,0.00,,0,0.00,ACCT FR8230002002600000000015U41|NAME CONDAT SAS|DATE 2024-07-04T11:26:10|NARR DATE INITIALE 2024-07-03|NARR REF BANQUE REMISE ac6fa37d184a4012a8578226ca489abd,""2024-07-04 12:00:18.318317"",0.00,1.00,1.00,1,1.00,,0.00,1,TKECRBOB_REM000000101118_20240704_12001831.txt,0.00,1,0,1.00,ACCT FR8230002002600000000015U41|NAME CONDAT SAS|NARR DATE INITIALE 2024-07-03|NARR REF BANQUE REMISE ac6fa37d184a4012a8578226ca489abd,0.00"
"REM000000101115,""2024-07-03 00:00:00"",""1004077827"",P01_0000000000000000000100804,true,1,1.00,"""","""","""",CONDAT SAS,102634,,FR,""82"",""30002002600000000015U41"",CRLYFRPPXXX,Test nom B3 ord,102635,,1,1.00,,""2024-07-04 11:26:14"",,""2024-07-04 11:27:03.66364"",""6323328fe66a47a187d1da6a3c7b4b16"",HIN01PS2_20240704_11270300.xml,ACCP,""2024-07-04 00:00:00"",PR26323328fe66a47a187d1da6a3c7b4b16,ACTC,,""2024-07-08 14:55:22"",0,CAMT54_RJIP_20240708_14552200.xml,0,0.00,0,""2024-07-04 11:27:41.159475"",PSR3_LCL_20240708_14552200.xml,PR36323328fe66a47a187d1da6a3c7b4b16,0.00,HIN01CRD_20240704_11274100.xml,1,""2024-07-04"",CROB,true,0.00,EIP6323328fe66a47a187d1da6a3c7b4b16,1.00,RIP6323328fe66a47a187d1da6a3c7b4b16,CAMT54_RIPE_20240708_14552200.xml,CR6323328fe66a47a187d1da6a3c7b4b16,""2024-07-04 11:26:14"",""2024-07-04 11:26:20"",""2024-07-08 14:55:22"",""2024-07-08 14:55:22"",0,1.00,1,0.00,,0,0.00,ACCT FR8230002002600000000015U41|NAME CONDAT SAS|DATE 2024-07-04T11:26:14|NARR DATE INITIALE 2024-07-03|NARR REF BANQUE REMISE 6323328fe66a47a187d1da6a3c7b4b16,""2024-07-04 11:54:11.667317"",0.00,1.00,1.00,1,1.00,,0.00,1,TKECRBOB_REM000000101115_20240704_11541166.txt,0.00,1,0,1.00,ACCT FR8230002002600000000015U41|NAME CONDAT SAS|NARR DATE INITIALE 2024-07-03|NARR REF BANQUE REMISE 6323328fe66a47a187d1da6a3c7b4b16,0.00"
"REM000000101132,""2024-07-04 00:00:00"",""1004077827"",P01_0000000000000000000100824,true,1,1.00,"""","""","""",CONDAT SAS,102661,,FR,""82"",""30002002600000000015U41"",CRLYFRPPXXX,"""",,,,,,,,,,,,,,,,,,,,,,,,,,,,,,,,,,,,,,,,,,,,,,,,,,,,,,,,,,,,,,,,"
"REM000000101134,""2024-07-04 00:00:00"",""1004077827"",P01_0000000000000000000100826,true,1,1.00,"""","""","""",CONDAT SAS,102665,,FR,""82"",""30002002600000000015U41"",CRLYFRPPXXX,"""",,,,,,,,,,,,,,,,,,,,,,,,,,,,,,,,,,,,,,,,,,,,,,,,,,,,,,,,,,,,,,,,"
"REM000000101135,""2024-07-04 00:00:00"",""1004077827"",P01_0000000000000000000100827,true,1,1.00,"""","""","""",CONDAT SAS,102667,,FR,""82"",""30002002600000000015U41"",CRLYFRPPXXX,"""",,,,,,,,,,,,,,,,,,,,,,,,,,,,,,,,,,,,,,,,,,,,,,,,,,,,,,,,,,,,,,,,"
"REM000000101136,""2024-07-04 00:00:00"",""1004077827"",P01_0000000000000000000100828,true,1,1.00,"""","""","""",CONDAT SAS,102669,,FR,""82"",""30002002600000000015U41"",CRLYFRPPXXX,"""",,,,,,,,,,,,,,,,,,,,,,,,,,,,,,,,,,,,,,,,,,,,,,,,,,,,,,,,,,,,,,,,"
"REM000000101133,""2024-07-04 00:00:00"",""1004077827"",P01_0000000000000000000100825,true,1,1.00,"""","""","""",CONDAT SAS,102663,,FR,""82"",""30002002600000000015U41"",CRLYFRPPXXX,"""",,,1,1.00,,""2024-07-04 17:07:32"",,""2024-07-04 17:08:25.881894"",d4116a6956b84d8a93e7b1217289ef0a,HIN01PS2_20240704_17082500.xml,ACCP,""2024-07-04 00:00:00"",PR2d4116a6956b84d8a93e7b1217289ef0a,ACTC,,,,,,,,,,,,,,,,,,,,,,,,,,,0,1.00,1,0.00,,0,,ACCT FR8230002002600000000015U41|NAME CONDAT SAS|DATE 2024-07-04T17:07:32|NARR DATE INITIALE 2024-07-04|NARR REF BANQUE REMISE d4116a6956b84d8a93e7b1217289ef0a,,,,,1,1.00,,0.00,,,,1,,1.00,ACCT FR8230002002600000000015U41|NAME CONDAT SAS|NARR DATE INITIALE 2024-07-04|NARR REF BANQUE REMISE d4116a6956b84d8a93e7b1217289ef0a,"
"REM000000101117,""2024-07-03 00:00:00"",""1004077827"",P01_0000000000000000000100809,true,1,1.00,"""","""","""",CONDAT SAS,102640,,FR,""82"",""30002002600000000015U41"",CRLYFRPPXXX,Test nom C1 ord,102641,,1,1.00,,""2024-07-04 11:26:03"",,""2024-07-04 11:27:21.504962"",""0811df98a3f2451fa1f6e1d8d13c2903"",HIN01PS2_20240704_11272100.xml,ACCP,""2024-07-04 00:00:00"",PR20811df98a3f2451fa1f6e1d8d13c2903,ACTC,,""2024-07-08 15:00:23"",,CAMT54_RJIP_20240708_15002400.xml,,,,,PSR3_LCL_20240708_15002300.xml,PR30811df98a3f2451fa1f6e1d8d13c2903,,,,,,,,EIP0811df98a3f2451fa1f6e1d8d13c2903,,RIP0811df98a3f2451fa1f6e1d8d13c2903,CAMT54_RIPE_20240708_15002300.xml,,,,""2024-07-08 15:00:23"",""2024-07-08 15:00:24"",0,1.00,1,0.00,,0,,ACCT FR8230002002600000000015U41|NAME CONDAT SAS|DATE 2024-07-04T11:26:03|NARR DATE INITIALE 2024-07-03|NARR REF BANQUE REMISE 0811df98a3f2451fa1f6e1d8d13c2903,,,,,1,1.00,,0.00,,,,1,,1.00,ACCT FR8230002002600000000015U41|NAME CONDAT SAS|NARR DATE INITIALE 2024-07-03|NARR REF BANQUE REMISE 0811df98a3f2451fa1f6e1d8d13c2903,"
"REM000000101157,""2024-07-09 00:00:00"",""1004077827"",P01_0000000000000000000100849,true,1,1.00,"""","""","""",CONDAT SAS,102703,,FR,""82"",""30002002600000000015U41"",CRLYFRPPXXX,Test nom B1 ord,102704,,1,1.00,,""2024-07-09 16:42:33"",,""2024-07-09 16:44:21.022191"",""21c20813bb2e4115a0dc7104cd7b1cbe"",HIN01PS2_20240709_16442000.xml,ACCP,""2024-07-09 00:00:00"",PR221c20813bb2e4115a0dc7104cd7b1cbe,ACTC,,""2024-07-09 16:48:10"",1,CAMT54_RJIP_20240709_16481000.xml,0,0.00,0,""2024-07-09 16:44:21.373265"",PSR3_LCL_20240709_16481000.xml,PR321c20813bb2e4115a0dc7104cd7b1cbe,0.00,HIN01CRD_20240709_16442100.xml,0,,CROB,true,1.00,EIP21c20813bb2e4115a0dc7104cd7b1cbe,0.00,RIP21c20813bb2e4115a0dc7104cd7b1cbe,CAMT54_RIPE_20240709_16481000.xml,CR21c20813bb2e4115a0dc7104cd7b1cbe,""2024-07-09 16:42:33"",""2024-07-09 16:42:45"",""2024-07-09 16:48:10"",""2024-07-09 16:48:10"",0,1.00,1,0.00,,0,1.00,ACCT FR8230002002600000000015U41|NAME CONDAT SAS|DATE 2024-07-09T16:42:33|NARR DATE INITIALE 2024-07-09|NARR REF BANQUE REMISE 21c20813bb2e4115a0dc7104cd7b1cbe,""2024-07-09 16:46:20.805872"",1.00,0.00,0.00,1,1.00,,0.00,0,TKECRBOB_REM000000101157_20240709_16462080.txt,0.00,1,1,1.00,ACCT FR8230002002600000000015U41|NAME CONDAT SAS|NARR DATE INITIALE 2024-07-09|NARR REF BANQUE REMISE 21c20813bb2e4115a0dc7104cd7b1cbe,0.00"
"REM000000101139,""2024-07-05 00:00:00"",""1004077827"",P01_0000000000000000000100831,true,1,1.00,"""","""","""",CONDAT SAS,102674,,FR,""82"",""30002002600000000015U41"",CRLYFRPPXXX,"""",,,1,1.00,,""2024-07-05 10:37:21"",,""2024-07-05 10:38:11.992666"",c0a972d1639e4ecaaee746a26554ac49,HIN01PS2_20240705_10381100.xml,ACCP,""2024-07-05 00:00:00"",PR2c0a972d1639e4ecaaee746a26554ac49,ACTC,,""2024-07-05 10:44:10"",1,CAMT54_RJIP_20240705_10441100.xml,0,0.00,0,""2024-07-05 10:38:21.154654"",PSR3_LCL_20240705_10441000.xml,PR3c0a972d1639e4ecaaee746a26554ac49,0.00,HIN01CRD_20240705_10382100.xml,0,,CROB,true,1.00,EIPc0a972d1639e4ecaaee746a26554ac49,0.00,RIPc0a972d1639e4ecaaee746a26554ac49,CAMT54_RIPE_20240705_10441100.xml,CRc0a972d1639e4ecaaee746a26554ac49,""2024-07-05 10:37:21"",""2024-07-05 10:37:30"",""2024-07-05 10:44:11"",""2024-07-05 10:44:11"",0,1.00,1,0.00,,0,1.00,ACCT FR8230002002600000000015U41|NAME CONDAT SAS|DATE 2024-07-05T10:37:21|NARR DATE INITIALE 2024-07-05|NARR REF BANQUE REMISE c0a972d1639e4ecaaee746a26554ac49,""2024-07-05 10:42:16.673855"",1.00,0.00,0.00,1,1.00,,0.00,0,TKECRBOB_REM000000101139_20240705_10421667.txt,0.00,1,1,1.00,ACCT FR8230002002600000000015U41|NAME CONDAT SAS|NARR DATE INITIALE 2024-07-05|NARR REF BANQUE REMISE c0a972d1639e4ecaaee746a26554ac49,0.00"
"REM000000101171,""2024-07-11 00:00:00"",""1004077827"",P01_0000000000000000000100857,true,1,5.00,"""","""","""",CONDAT SAS,102754,,FR,""82"",""30002002600000000015U41"",CRLYFRPPXXX,"""",,,1,5.00,,""2024-07-11 11:57:32"",,""2024-07-11 11:58:16.80026"",e142548f87644d89a9686bea2515351a,HIN01PS2_20240711_11581600.xml,ACCP,""2024-07-11 00:00:00"",PR2e142548f87644d89a9686bea2515351a,ACTC,,""2024-07-11 12:04:10"",0,CAMT54_RJIP_20240711_12041100.xml,0,0.00,0,""2024-07-11 11:58:21.175562"",PSR3_LCL_20240711_12041000.xml,PR3e142548f87644d89a9686bea2515351a,0.00,HIN01CRD_20240711_11582100.xml,1,""2024-07-11"",CROB,true,0.00,EIPe142548f87644d89a9686bea2515351a,5.00,RIPe142548f87644d89a9686bea2515351a,CAMT54_RIPE_20240711_12041100.xml,CRe142548f87644d89a9686bea2515351a,""2024-07-11 11:57:32"",""2024-07-11 11:57:40"",""2024-07-11 12:04:11"",""2024-07-11 12:04:11"",0,5.00,1,0.00,,0,0.00,ACCT FR8230002002600000000015U41|NAME CONDAT SAS|DATE 2024-07-11T11:57:32|NARR DATE INITIALE 2024-07-11|NARR REF BANQUE REMISE e142548f87644d89a9686bea2515351a,""2024-07-11 12:02:12.728247"",0.00,5.00,5.00,1,5.00,,0.00,1,TKECRBOB_REM000000101171_20240711_12021272.txt,0.00,1,0,5.00,ACCT FR8230002002600000000015U41|NAME CONDAT SAS|NARR DATE INITIALE 2024-07-11|NARR REF BANQUE REMISE e142548f87644d89a9686bea2515351a,0.00"
"REM000000101232,""2024-07-24 00:00:00"",PmtInf_PmtInfId du GrpHdr,P01_0000000000000000000100917,false,3,8.18,"""","""","""",R7 - Recall sur IPF,102875,,FR,""29"",""30002002600000000025W26"",CRLYFRPPXXX,"""",,,3,8.18,,""2024-07-24 12:52:21"",,""2024-07-24 12:54:21.093492"",bb211131c17449d0bb1b6c3c673aadd0,HIN01PS2_20240724_12542000.xml,ACCP,""2024-07-24 00:00:00"",PR2bb211131c17449d0bb1b6c3c673aadd0,ACTC,,""2024-07-24 13:00:11"",1,CAMT54_RJIP_20240724_13001300.xml,0,0.00,0,""2024-07-24 12:54:21.468007"",PSR3_LCL_20240724_13001100.xml,PR3bb211131c17449d0bb1b6c3c673aadd0,0.00,HIN01CRD_20240724_12542100.xml,2,""2024-07-24"",CRNB,false,3.89,EIPbb211131c17449d0bb1b6c3c673aadd0,4.29,RIPbb211131c17449d0bb1b6c3c673aadd0,CAMT54_RIPE_20240724_13001200.xml,CRbb211131c17449d0bb1b6c3c673aadd0,""2024-07-24 12:52:21"",""2024-07-24 12:52:30"",""2024-07-24 13:00:12"",""2024-07-24 13:00:13"",0,8.18,3,0.00,,0,3.89,ACCT FR2930002002600000000025W26|NAME R7 - Recall sur IPF|DATE 2024-07-24T12:52:21|NARR DATE INITIALE 2024-07-24|NARR REF BANQUE REMISE bb211131c17449d0bb1b6c3c673aadd0,""2024-07-24 12:58:13.097127"",3.89,4.29,4.29,3,8.18,,0.00,2,TKECRBNB_REM000000101232_20240724_12581309.txt,0.00,3,1,8.18,ACCT FR2930002002600000000025W26|NAME R7 - Recall sur IPF|NARR DATE INITIALE 2024-07-24|NARR REF BANQUE REMISE bb211131c17449d0bb1b6c3c673aadd0,0.00"
"REM000000101137,""2024-07-05 00:00:00"",""1004077827"",P01_0000000000000000000100829,true,1,1.00,"""","""","""",CONDAT SAS,102670,,FR,""82"",""30002002600000000015U41"",CRLYFRPPXXX,"""",,,1,1.00,,""2024-07-05 10:27:22"",,""2024-07-05 10:28:21.263358"",d7cb011a149745d28617af39b618b7f6,HIN01PS2_20240705_10282100.xml,ACCP,""2024-07-05 00:00:00"",PR2d7cb011a149745d28617af39b618b7f6,ACTC,,""2024-07-05 10:36:14"",1,CAMT54_RJIP_20240705_10361500.xml,0,0.00,0,""2024-07-05 10:28:35.877671"",PSR3_LCL_20240705_10361400.xml,PR3d7cb011a149745d28617af39b618b7f6,0.00,HIN01CRD_20240705_10283500.xml,0,,CROB,true,1.00,EIPd7cb011a149745d28617af39b618b7f6,0.00,RIPd7cb011a149745d28617af39b618b7f6,CAMT54_RIPE_20240705_10361500.xml,CRd7cb011a149745d28617af39b618b7f6,""2024-07-05 10:27:22"",""2024-07-05 10:27:30"",""2024-07-05 10:36:15"",""2024-07-05 10:36:15"",0,1.00,1,0.00,,0,1.00,ACCT FR8230002002600000000015U41|NAME CONDAT SAS|DATE 2024-07-05T10:27:22|NARR DATE INITIALE 2024-07-05|NARR REF BANQUE REMISE d7cb011a149745d28617af39b618b7f6,""2024-07-05 10:34:13.004734"",1.00,0.00,0.00,1,1.00,,0.00,0,TKECRBOB_REM000000101137_20240705_10341300.txt,0.00,1,1,1.00,ACCT FR8230002002600000000015U41|NAME CONDAT SAS|NARR DATE INITIALE 2024-07-05|NARR REF BANQUE REMISE d7cb011a149745d28617af39b618b7f6,0.00"
"REM000000101138,""2024-07-05 00:00:00"",""1004077827"",P01_0000000000000000000100830,true,1,1.00,"""","""","""",CONDAT SAS,102672,,FR,""82"",""30002002600000000015U41"",CRLYFRPPXXX,"""",,,1,1.00,,""2024-07-05 10:27:30"",,""2024-07-05 10:28:25.671893"",""0fe1b1e7270c4218b97667f90e2def09"",HIN01PS2_20240705_10282500.xml,ACCP,""2024-07-05 00:00:00"",PR20fe1b1e7270c4218b97667f90e2def09,ACTC,,""2024-07-05 10:38:11"",0,CAMT54_RJIP_20240705_10381200.xml,0,0.00,0,""2024-07-05 10:28:40.879985"",PSR3_LCL_20240705_10381100.xml,PR30fe1b1e7270c4218b97667f90e2def09,0.00,HIN01CRD_20240705_10284000.xml,1,""2024-07-05"",CROB,true,0.00,EIP0fe1b1e7270c4218b97667f90e2def09,1.00,RIP0fe1b1e7270c4218b97667f90e2def09,CAMT54_RIPE_20240705_10381200.xml,CR0fe1b1e7270c4218b97667f90e2def09,""2024-07-05 10:27:30"",""2024-07-05 10:27:40"",""2024-07-05 10:38:12"",""2024-07-05 10:38:12"",0,1.00,1,0.00,,0,0.00,ACCT FR8230002002600000000015U41|NAME CONDAT SAS|DATE 2024-07-05T10:27:30|NARR DATE INITIALE 2024-07-05|NARR REF BANQUE REMISE 0fe1b1e7270c4218b97667f90e2def09,""2024-07-05 10:36:16.708762"",0.00,1.00,1.00,1,1.00,,0.00,1,TKECRBOB_REM000000101138_20240705_10361670.txt,0.00,1,0,1.00,ACCT FR8230002002600000000015U41|NAME CONDAT SAS|NARR DATE INITIALE 2024-07-05|NARR REF BANQUE REMISE 0fe1b1e7270c4218b97667f90e2def09,0.00"
"REM000000101124,""2024-07-03 00:00:00"",""1004077827"",P01_0000000000000000000100816,true,1,1.00,"""","""","""",CONDAT SAS,102651,,FR,""82"",""30002002600000000015U41"",CRLYFRPPXXX,Test nom E1 ord,,103927,1,1.00,,""2024-07-04 11:19:05"",,""2024-07-04 11:21:16.731194"",""0a5eab483f7344e788506c17b8b96c7b"",HIN01PS2_20240704_11211600.xml,ACCP,""2024-07-04 00:00:00"",PR20a5eab483f7344e788506c17b8b96c7b,ACTC,,""2024-07-08 15:08:27"",1,CAMT54_RJIP_20240708_15082800.xml,0,0.00,0,""2024-07-04 11:21:46.097528"",PSR3_LCL_20240708_15082700.xml,PR30a5eab483f7344e788506c17b8b96c7b,0.00,HIN01CRD_20240704_11214600.xml,0,,CROB,true,1.00,EIP0a5eab483f7344e788506c17b8b96c7b,0.00,RIP0a5eab483f7344e788506c17b8b96c7b,CAMT54_RIPE_20240708_15082800.xml,CR0a5eab483f7344e788506c17b8b96c7b,""2024-07-04 11:19:05"",""2024-07-04 11:19:10"",""2024-07-08 15:08:28"",""2024-07-08 15:08:28"",0,1.00,1,0.00,,0,1.00,ACCT FR8230002002600000000015U41|NAME CONDAT SAS|DATE 2024-07-04T11:19:05|NARR DATE INITIALE 2024-07-03|NARR REF BANQUE REMISE 0a5eab483f7344e788506c17b8b96c7b,""2024-07-04 11:24:16.25974"",1.00,0.00,0.00,1,1.00,,0.00,0,TKECRBOB_REM000000101124_20240704_11241625.txt,0.00,1,1,1.00,ACCT FR8230002002600000000015U41|NAME CONDAT SAS|NARR DATE INITIALE 2024-07-03|NARR REF BANQUE REMISE 0a5eab483f7344e788506c17b8b96c7b,0.00"
